location_cluster,latitude,longitude,pm25,unit,satellite_no2,traffic_index,dist_to_highway_km,has_park_500m
Indirapuram,28.63207452356856,77.36868034762288,163,µg/m³,48.42811966104218,1.844556258028355,3.778084760985467,0
Sahibabad,28.6621775986,77.34763703971151,114,µg/m³,33.876468688055354,2.817998766940929,1.014091360973097,0
Indirapuram,28.640440351206063,77.37090843613964,241,µg/m³,22.884075734372278,5.3677276195162476,4.674115430393603,0
Vasundhara,28.662774758734624,77.3680821756354,333,µg/m³,22.297016846034534,8.136778349533294,0.3689507660678357,1
Indirapuram,28.63676503761661,77.3695609745084,126,µg/m³,48.30271416333035,4.685243974969513,0.5331124769441046,0
Sanjay Nagar,28.686288858477653,77.45444112966925,154,µg/m³,42.83035078233005,2.163538958639565,2.6673484162392116,0
Loni,28.751159584789622,77.28432440337701,204,µg/m³,21.481754399908098,5.030344566995726,0.9422195968582076,1
Vasundhara,28.656339705227904,77.36537652399505,95,µg/m³,29.755584477082632,2.756125634168703,3.2946375805829455,1
Loni,28.75449587374044,77.28236710466814,202,µg/m³,41.800648776507835,5.094575597724276,3.2757535964681064,0
Vijay Nagar,28.640522446146,77.44009850842832,90,µg/m³,43.22817174788327,1.931418370539983,2.520849472800599,0
Sahibabad,28.66457814307419,77.34292130275915,304,µg/m³,39.95518668069444,8.528690866783784,0.8658563304098048,0
Sanjay Nagar,28.690997696928275,77.45493825481587,135,µg/m³,13.698789674798721,2.2866228799828265,3.712853785989284,1
Loni,28.75468262856667,77.28444811317736,289,µg/m³,45.50724106219021,4.747955126202221,3.183849310617399,1
Sahibabad,28.66214926654087,77.34755028218942,193,µg/m³,17.45907549937383,4.795499142666224,4.554574354839436,0
Vasundhara,28.65629103622685,77.36978935147098,269,µg/m³,27.27595051482833,6.263553717123063,2.894148263952383,1
Loni,28.751542310115337,77.28268058726758,71,µg/m³,10.49942612157552,2.3956005917868888,0.6649028044973969,1
Indirapuram,28.63611829178823,77.37140807896512,141,µg/m³,31.28060375703303,3.049895925043173,1.404964650717747,0
Indirapuram,28.639660977211133,77.37340850902802,237,µg/m³,42.68669205116066,5.90282641779707,4.825222957385971,0
Indirapuram,28.638618898432192,77.37281872874259,246,µg/m³,33.03707002717139,5.323629355717815,3.6651276100903143,0
Kavi Nagar,28.666131562381945,77.444698945786,334,µg/m³,39.6040206234331,10.0,1.4093313330766803,0
Indirapuram,28.639727509641183,77.37545862141384,109,µg/m³,16.43351367118555,2.6891485374928252,3.9883388356984857,0
Indirapuram,28.63400135204163,77.3734160698958,81,µg/m³,49.10894104119817,1.498673667756615,1.7510321355115233,0
Sanjay Nagar,28.686109470394943,77.45374236515296,163,µg/m³,13.318235915596599,4.129411694546228,0.38155372971071855,1
Kavi Nagar,28.672739879408297,77.44176525989724,205,µg/m³,21.715729588656274,3.0603765359503434,1.5466606077642533,1
Sahibabad,28.665399240871952,77.34367609097477,301,µg/m³,35.38387370442955,8.762927947880149,0.4450217975148947,0
Loni,28.7473163902386,77.29087375155288,328,µg/m³,44.38223798557675,8.762971224602204,4.335004516384652,1
Indirapuram,28.63826147655562,77.37084069978857,263,µg/m³,39.83170926467483,6.04447236718054,4.159868806836288,0
Sanjay Nagar,28.68705775400173,77.44816031651582,125,µg/m³,29.704551186442462,1.6312284368332055,2.6822358399054043,0
Sanjay Nagar,28.69140522789049,77.45297554283638,82,µg/m³,47.573045158307046,1.3449646751989162,4.062249911421185,0
Vijay Nagar,28.64658620196566,77.43970268176548,192,µg/m³,39.97522137556878,3.1603085590392963,1.642663992887142,0
Sahibabad,28.66143571663748,77.34409920256842,291,µg/m³,36.42386675011913,7.373469939721498,2.6512886854062394,0
Sahibabad,28.66586677990141,77.34261443435682,227,µg/m³,11.503781580252376,5.55970991102754,2.764481793645629,0
Vijay Nagar,28.64559092193896,77.43621316030324,320,µg/m³,32.35128213870384,7.498282453029219,1.911512992449224,1
Sanjay Nagar,28.691075158764946,77.45283989511712,265,µg/m³,34.82240598619387,8.055299145932972,1.7814409975429955,0
Vijay Nagar,28.647463506725824,77.43284248087183,88,µg/m³,46.8301460350333,0.42949376962940766,4.156594243764221,0
Raj Nagar,28.674934714979173,77.44353199303943,134,µg/m³,10.925342565483739,4.269665314295378,4.388838331740722,0
Kavi Nagar,28.66757220209657,77.43565987995704,180,µg/m³,49.009968729694535,4.035846912815703,0.8229249133664802,0
Raj Nagar,28.677525752192444,77.44177880318928,118,µg/m³,49.87613296541645,3.4844138116795564,2.961598187096377,0
Vijay Nagar,28.64570822032827,77.4382602378448,254,µg/m³,34.89166648987288,6.8906595173781735,0.3389310816448029,1
Kavi Nagar,28.67170192417455,77.44325865524702,219,µg/m³,32.984758009009944,4.921897442838951,4.010976630043712,0
Indirapuram,28.638874072606672,77.36919404172386,83,µg/m³,31.488007434830564,2.3884290019550956,2.4722003196414937,0
Sahibabad,28.66675286883752,77.34613629179576,202,µg/m³,25.566928975284725,4.052810813841899,4.7570113074161355,0
Raj Nagar,28.67784401788945,77.44635018742608,332,µg/m³,29.4766313932461,7.68928366197227,3.373991403863191,0
Indirapuram,28.63603345976338,77.37550991062889,199,µg/m³,33.79450202505396,5.348928746774128,0.4336436633290971,0
Kavi Nagar,28.666097387316373,77.44103388847685,187,µg/m³,11.304554222097396,4.325007970506408,3.366575179987368,0
Indirapuram,28.64134431888001,77.37450025161904,214,µg/m³,28.895153781146,5.180100067851846,0.9043761984694425,1
Kavi Nagar,28.66764994120722,77.44506248775093,313,µg/m³,26.081255990589835,8.203243883899797,1.4201263013757488,0
Vijay Nagar,28.641233623307883,77.43286049924647,64,µg/m³,12.202371649546699,1.2238105378557964,3.590381717594217,0
Raj Nagar,28.68186825677052,77.44491814622995,201,µg/m³,33.964448711811826,4.098650986570874,2.74275077980692,0
Indirapuram,28.635526365830422,77.36917337879856,329,µg/m³,30.470842651143876,7.434397710895779,4.055711321831577,0
Kavi Nagar,28.669216740213816,77.44391000380274,318,µg/m³,31.280041575739098,5.945176826176468,3.0827006108393156,0
Indirapuram,28.632960817733768,77.37620727756446,218,µg/m³,38.414581972265275,7.2858306582333,1.001813775964161,1
Loni,28.74725767365315,77.28532152158924,327,µg/m³,42.52295472509067,7.098791285484735,2.2049643721878898,1
Raj Nagar,28.68215915424173,77.43858692576917,157,µg/m³,21.638270793079908,3.3866437100829616,3.6336871975996377,0
Raj Nagar,28.68261465011567,77.44244423527692,308,µg/m³,15.66788025398019,7.486868894314807,0.8706361066976657,0
Indirapuram,28.63702053203318,77.37633591434447,268,µg/m³,11.023345277226536,7.655483608185721,1.9836389229524727,1
Raj Nagar,28.67582418821578,77.44249762668592,281,µg/m³,30.9645015249929,6.576699127477733,0.7607784585622872,0
Vasundhara,28.65754838295929,77.365346007411,179,µg/m³,40.84101397515006,2.298165412358122,0.9954141669991717,0
Indirapuram,28.64127028219806,77.37722692421664,336,µg/m³,39.68086041394441,8.038735336642866,2.0323449497320967,0
Sahibabad,28.661414769669005,77.34087412062311,95,µg/m³,21.077398844651572,0.27206640763644874,4.644740243165911,1
Indirapuram,28.63191775151901,77.37757568946166,112,µg/m³,12.390523196686525,2.749740355957935,1.4187003621091623,1
Raj Nagar,28.67706918608207,77.43881327022525,238,µg/m³,32.87990236255185,5.876500578279367,0.6779364145338708,0
Vasundhara,28.65906848912628,77.36933387469902,138,µg/m³,22.59366159237096,3.8840804178239527,1.3942913109581705,1
Vasundhara,28.66515680606721,77.36394976419878,326,µg/m³,47.05327742363984,8.795715714725596,4.186038366101356,0
Kavi Nagar,28.67194918031129,77.43538806532734,316,µg/m³,42.67347409591406,7.120022111655374,0.126429376168744,1
Raj Nagar,28.674928788664403,77.44516730515386,320,µg/m³,32.003837978719446,8.609656401498597,3.164664013579465,1
Indirapuram,28.633519303304432,77.37125185902529,176,µg/m³,39.09440940132702,6.27945669074748,1.244591445085167,0
Vasundhara,28.662956625552784,77.36785794321113,143,µg/m³,30.664313171755335,4.489176572397455,4.057779681255447,0
Indirapuram,28.63525564640274,77.37183921069136,109,µg/m³,28.77705404886033,1.6798429594354165,3.8371646957559737,0
Indirapuram,28.63544110625923,77.37573301203336,271,µg/m³,22.546287701697864,7.3979298162991665,1.7854030243282901,0
Kavi Nagar,28.665353160975883,77.43617470772517,219,µg/m³,38.832492329154434,4.303077500349383,1.9941394741153988,0
Indirapuram,28.638401304047765,77.37795497549504,267,µg/m³,18.278844856592336,6.917978060430402,2.8397351242139113,1
Indirapuram,28.63374758101504,77.37505252284232,52,µg/m³,27.150827141573217,1.3051106226722806,4.316815255014054,1
Sanjay Nagar,28.690231803325,77.44822164539697,121,µg/m³,30.738057307675064,3.2289549802033264,4.209511187213042,1
Vasundhara,28.65830738130709,77.3715015249658,97,µg/m³,39.67674697259529,1.1593839607086411,2.6869767464748726,1
Vijay Nagar,28.63894639327279,77.44205256286689,171,µg/m³,11.470128604373176,6.346453661777501,3.477831585514118,0
Sahibabad,28.66850931498704,77.34226042875103,52,µg/m³,40.20087787429701,1.6493559384391836,0.6293571037362766,0
Indirapuram,28.634694844985987,77.37316174434946,159,µg/m³,24.93992091378547,4.5588953011324165,2.165243905600977,1
Raj Nagar,28.678850525739477,77.43977643188829,100,µg/m³,20.528882681754332,4.319674037973918,0.2522466214206136,1
Loni,28.748679901318845,77.28305613877774,125,µg/m³,32.30669224192835,1.5226089461506667,2.5470208969938413,0
Vasundhara,28.662446654446107,77.36992546745516,274,µg/m³,46.044426022273214,6.970195969537105,1.5939496832049864,0
Sanjay Nagar,28.68488983253533,77.45330552774952,281,µg/m³,48.411562759658366,5.324243950205289,4.098312851388279,1
Raj Nagar,28.67839278688224,77.43971133317551,84,µg/m³,42.32058683714926,1.4511413535026523,0.6712443577361029,0
Raj Nagar,28.67733290410479,77.44422799936802,70,µg/m³,13.023017772773722,1.336866939926328,4.130758910648434,0
Vijay Nagar,28.64343779519784,77.43682848847202,75,µg/m³,42.074422638296,0.5287853531642064,2.9387977992528924,0
Vijay Nagar,28.64631838029369,77.43917805013047,120,µg/m³,10.088137133521986,3.769021445544409,2.5326759385342443,0
Kavi Nagar,28.666053586292875,77.4434582012942,153,µg/m³,31.29895930860908,5.516636915769902,4.4490770042975125,1
Sahibabad,28.66219683387418,77.34792075708641,262,µg/m³,23.20201997871144,6.452963220419133,4.265087427607891,1
Sahibabad,28.666608888438127,77.3449391779398,82,µg/m³,40.41413094323574,3.3616258341048564,0.9474203644337342,1
Loni,28.75103815516988,77.2877115836936,322,µg/m³,30.17524206557312,8.655153618269528,2.499926441679931,1
Loni,28.75200286422673,77.29041117915379,157,µg/m³,41.338351936553494,2.4678264125500657,1.4427131099492436,0
Sanjay Nagar,28.68508804301145,77.45028815432498,237,µg/m³,20.982330144408202,5.585464832662396,3.8438725394326694,0
Loni,28.748270927848463,77.29057662340634,265,µg/m³,17.91930961810185,4.797843436054965,0.9536202570413762,1
Indirapuram,28.63302719694065,77.37411980482258,295,µg/m³,37.6710707682998,7.23641220965214,0.43988742597788355,0
Sahibabad,28.663634639964855,77.34459771290572,321,µg/m³,22.078223667221568,8.263067338326211,0.6961023587037214,0
Indirapuram,28.636291681776807,77.37371759694891,349,µg/m³,45.7093888341667,8.487541409433952,4.274948545271499,1
Raj Nagar,28.68002969798288,77.44355628579865,298,µg/m³,37.035154029224884,7.345708860427137,0.9329091538560798,0
Sahibabad,28.66411218487333,77.34062254543412,61,µg/m³,36.52174292567551,0.930479509756199,1.0311526585067725,0
Kavi Nagar,28.66538858850115,77.43572032965889,347,µg/m³,23.75752245058031,7.923320816472653,3.119619913917684,0
Vasundhara,28.658352319796567,77.36325098437361,126,µg/m³,12.039106089168534,2.2856848174841753,0.7799077799618198,0
Raj Nagar,28.6836460931774,77.44229456776833,237,µg/m³,21.34228529463129,5.348293998168667,2.0321894483965868,0
Vijay Nagar,28.64645570501598,77.43688989636827,287,µg/m³,33.74625826555096,6.8150449185003605,0.20113291801124727,0
Kavi Nagar,28.667950824900625,77.43659744299907,229,µg/m³,14.849167604193418,6.63828825462211,2.7625504841736226,0
Sahibabad,28.66893316632686,77.34805980888616,207,µg/m³,40.38863303494437,4.590372712000579,3.0488556042048454,0
Vasundhara,28.657272336268143,77.36829122883866,71,µg/m³,18.056379401323564,1.8275387849203641,2.683118169686747,1
Vijay Nagar,28.64723808356513,77.4365878734674,319,µg/m³,22.23562744471821,8.021799852865295,2.9337866705811573,0
Vijay Nagar,28.64691871080284,77.43939409638023,263,µg/m³,37.763499516892495,6.45965276764287,3.4578901880847512,0
Vijay Nagar,28.6424601625092,77.43495730521764,328,µg/m³,27.938034738560823,7.379052534872506,1.779029798805804,0
Kavi Nagar,28.66771951250028,77.44228194220632,151,µg/m³,33.14300883497775,4.612411488571366,1.1328167535018139,0
Kavi Nagar,28.666260131974,77.43617503734194,274,µg/m³,27.3230701405944,5.688756552382383,4.886363011166217,0
Kavi Nagar,28.671261721807596,77.43613179637065,242,µg/m³,20.715936166741244,5.432496742254955,3.548131198646634,1
Raj Nagar,28.68126839390605,77.438025027237,131,µg/m³,22.67430661274156,3.6980397198506725,4.824714461350651,1
Raj Nagar,28.67993680315065,77.43897892230687,89,µg/m³,47.353613709798104,4.187296145666132,2.555892175336859,1
Vasundhara,28.65811207711492,77.36242801959497,222,µg/m³,31.43431926404436,6.224109067949151,2.8541757777868586,0
Vasundhara,28.661789975481938,77.3694195430189,95,µg/m³,19.153022482221225,0.7705342979477621,2.087732370872727,1
Sanjay Nagar,28.69286428122877,77.45102576409803,253,µg/m³,26.56605782124412,5.588202330394339,3.536574545209917,0
Sanjay Nagar,28.686049768094332,77.45576824900964,130,µg/m³,45.42429036802922,3.975878412199463,2.5574618335193273,0
Sahibabad,28.66691824509353,77.348816128119,166,µg/m³,13.040143379525674,4.121990433308933,0.18539652164588763,0
Sanjay Nagar,28.68448119405907,77.45307881228591,332,µg/m³,25.741767729010128,6.385685185064137,4.265147934870997,1
Indirapuram,28.64031627306731,77.3766610831493,82,µg/m³,44.72822646633081,2.2091355865198334,0.5334784685082684,0
Raj Nagar,28.680629103204325,77.44093226247847,169,µg/m³,29.38595354836607,4.679146278508817,2.3731535069037086,1
Kavi Nagar,28.67045819329939,77.43677442091047,172,µg/m³,12.73819569085239,3.1319542821447746,0.40204693905849354,0
Vasundhara,28.655343935843906,77.3666362670777,253,µg/m³,17.227249971846984,7.211236779472365,0.9658283205101145,0
Raj Nagar,28.680478206482032,77.44071395185962,104,µg/m³,12.001992053870424,0.49145779436246473,2.7717973264477824,0
Raj Nagar,28.674986210851173,77.43982277251692,90,µg/m³,25.70864692108179,1.7832637776802165,3.5546750981896045,0
Sahibabad,28.668886952546,77.34917783909184,94,µg/m³,16.573161377494337,3.749692489524535,0.6742839017424599,0
Sanjay Nagar,28.684955146749747,77.45170887345704,191,µg/m³,35.494889496955025,4.888519819520985,2.764840956368856,0
Sanjay Nagar,28.688024181392617,77.44751478134772,158,µg/m³,25.184986539849138,6.4352322855140045,0.18247198425267072,0
Indirapuram,28.6371162066242,77.37234603219088,249,µg/m³,15.750475103943838,6.066255365328693,4.428734842470355,0
Sahibabad,28.666455675267308,77.34954418076218,197,µg/m³,39.63476552774438,4.575765118594391,3.545979649378433,0
Indirapuram,28.63411545909912,77.37783351455425,83,µg/m³,39.7177039715803,4.683399701830421,1.936171459018005,0
Vasundhara,28.6626711647883,77.36499495045531,132,µg/m³,26.002961670883597,4.07167334737133,3.3543466946619347,0
Indirapuram,28.63325124521521,77.37655639284561,65,µg/m³,25.80663137750183,1.659104631016145,1.3438661672827406,0
Vijay Nagar,28.64808803243592,77.43378820423308,158,µg/m³,47.50214238142671,4.20325758287914,3.859861208289292,0
Indirapuram,28.64153846094155,77.37528793265156,340,µg/m³,45.71575833175366,8.428041170792897,1.067565201046559,0
Indirapuram,28.63711062950521,77.37062659139076,144,µg/m³,23.386048443227857,2.645929757296026,4.699382624634566,0
Indirapuram,28.632969635503123,77.3711490973628,243,µg/m³,20.63077248750798,6.352420594359011,3.256528556320322,0
Sanjay Nagar,28.68501567693376,77.45048120337744,175,µg/m³,11.130089576905764,3.482411848590509,2.7712362719214414,0
Sahibabad,28.668660047047045,77.34633572291746,119,µg/m³,17.688122899268542,2.3615673029140405,3.9337182812196483,1
Sahibabad,28.665950741609503,77.34845380348158,322,µg/m³,22.360365186926504,8.301782650425595,4.507331561576395,0
Vijay Nagar,28.64012843593468,77.43310387540429,200,µg/m³,20.71100249280942,5.168168504382604,3.664126678445524,1
Vasundhara,28.66483396207799,77.36346833614071,147,µg/m³,41.797488433438154,3.044662935770086,4.5365115590167235,0
Indirapuram,28.63264781540777,77.3726015887262,202,µg/m³,32.649743110700754,7.23139438217251,2.098605153622495,1
Vijay Nagar,28.643190237129783,77.44080975328458,183,µg/m³,47.48696724399097,4.7217815132704075,4.388647264930789,1
Sanjay Nagar,28.69163281973505,77.45258233546113,169,µg/m³,34.893810862727214,3.0750177604453133,0.9893992262259709,0
Indirapuram,28.638471702530616,77.37682182628953,85,µg/m³,48.62617760892079,1.2981359289213479,4.130946748853419,0
Loni,28.74841687340764,77.28718205824332,86,µg/m³,16.767267340020148,0.6043362714840357,4.376674732038822,1
Vijay Nagar,28.642423519236623,77.44031290071102,194,µg/m³,27.06232323180075,5.384909086315646,3.1999104638593754,1
Loni,28.751353187503803,77.29103202680245,275,µg/m³,27.517137296460437,6.30905605657963,3.0167195171992547,0
Vijay Nagar,28.63966014369192,77.43824513963386,329,µg/m³,10.247195196194191,8.436304235002645,3.1795516014976575,0
Sanjay Nagar,28.688315020703456,77.45628771357308,223,µg/m³,22.498636959266634,3.9908645439848653,4.01520753720131,0
Kavi Nagar,28.66957659396925,77.44228270743835,91,µg/m³,36.84141054454642,0.9623686285324804,2.7114649096645254,1
Loni,28.75557666107087,77.28922718740714,163,µg/m³,41.11329476500661,3.707874306944191,4.868205249269027,0
Kavi Nagar,28.66624059431248,77.44231374415807,267,µg/m³,37.729538273038706,7.249284412050355,3.9564403994268633,1
Sahibabad,28.66470315800393,77.34962641429412,154,µg/m³,29.412164973236052,3.754525760654923,1.1654002991044798,1
Vijay Nagar,28.63958259397376,77.43808961586005,193,µg/m³,37.47871600116409,7.44074214129448,1.458589545152531,0
Sanjay Nagar,28.687093007734404,77.44930759127267,281,µg/m³,36.33475654096517,6.601648849341609,1.1049643628997061,0
Vijay Nagar,28.64634658929372,77.43584887931347,159,µg/m³,19.03573948718762,4.371182109123107,1.162028311855594,0
Raj Nagar,28.680211286547408,77.442145567929,188,µg/m³,15.337264667201516,3.5626521733399636,0.17864082175926976,0
Sanjay Nagar,28.685954569615003,77.45019081627983,293,µg/m³,49.467140424210044,6.471656934199574,1.1753771668045563,0
Sahibabad,28.666800412619505,77.34184475528828,154,µg/m³,15.02091970331679,2.539106014793727,1.1655484348955274,1
Loni,28.754335889334307,77.28228113149302,74,µg/m³,27.06559070434862,0.9684620466257069,3.6861796688420854,1
Vasundhara,28.664941371282865,77.36296605375223,144,µg/m³,32.53852619456252,2.3044667028008323,4.185765226682661,0
Vijay Nagar,28.639333116143412,77.43554039638411,144,µg/m³,12.84761004562271,4.0652964839825465,3.6877629512247205,0
Sanjay Nagar,28.68624902919261,77.45533293328226,270,µg/m³,19.575297180695973,6.366712391911122,4.978580514981411,0
Sahibabad,28.661253501128872,77.34736219681713,54,µg/m³,25.759354450160927,0.0,3.9218711743297847,0
Kavi Nagar,28.669669290180444,77.44070272961423,159,µg/m³,12.294577604786951,3.887882568330251,3.3618493104866745,1
Loni,28.74814933264413,77.2888982124558,159,µg/m³,39.02162205367972,2.563039128324074,4.271579360491843,1
Sahibabad,28.666490695346656,77.34799818190916,303,µg/m³,29.386294715186313,6.600635873412271,2.457544127685523,0
Vasundhara,28.657966532247613,77.36999614006135,80,µg/m³,47.10646729598653,2.266095332985874,2.766868576306371,1
Vasundhara,28.66183946371957,77.36507777347354,120,µg/m³,47.254085284406614,3.2531390841858596,1.8529876932209237,0
Indirapuram,28.633903591298893,77.37093097697584,246,µg/m³,43.10815185441322,5.59419239606191,3.9644201249492754,0
Loni,28.7477934747764,77.28312910728286,110,µg/m³,27.264097926780956,1.9616843811280285,4.948878968875567,0
Vijay Nagar,28.642690436883605,77.43454909348577,68,µg/m³,37.301236155035966,1.115007997361662,0.3931601892515453,0
Raj Nagar,28.68171250029196,77.4451917832202,186,µg/m³,14.49352917017376,2.9468149315223,3.420555588253746,0
Sahibabad,28.664699432864456,77.3488991159069,295,µg/m³,17.08121821495392,7.496456191431606,4.341168353954651,0
Loni,28.747326876597587,77.28381044960624,212,µg/m³,37.74747541006892,6.061745826792342,3.1505459875886244,0
Sanjay Nagar,28.68682138881165,77.45694729683295,222,µg/m³,49.097160836467594,7.306486789849858,0.22016883226866701,0
Loni,28.74916439321746,77.28641118705498,53,µg/m³,37.78432374253043,2.1155799470444725,1.0451041240416177,0
Vasundhara,28.66503075924992,77.3672247449964,220,µg/m³,35.623105030537104,4.294032094065609,3.9793881533871116,0
Indirapuram,28.639445389806347,77.36835322459005,99,µg/m³,47.60823439587938,3.8957109423070917,3.6240282540273867,0
Indirapuram,28.641669904801,77.37386602154218,197,µg/m³,25.112859451569495,2.4811929631919916,2.8964072111956147,1
Sanjay Nagar,28.693196813042483,77.44740446381617,113,µg/m³,31.0988913297707,2.7620937689570173,3.668562500055664,1
Vasundhara,28.664323220147157,77.37102506388707,282,µg/m³,30.56676649787438,7.664811626741044,3.18214598840924,0
Vasundhara,28.656852430665143,77.37066098950427,130,µg/m³,41.8481272223935,4.894708028992136,1.427607552055167,1
Sanjay Nagar,28.687709605689705,77.45304518424979,265,µg/m³,34.125217110052816,7.430380600843945,1.168347160272268,0
Vasundhara,28.660482447222144,77.36648494385443,320,µg/m³,43.760564341971666,9.264736106511915,1.2536711015714248,0
Sanjay Nagar,28.690791797694985,77.4478318207319,150,µg/m³,32.26344344285191,3.8253774066052575,1.77369584524998,0
Loni,28.756508939924643,77.28891002619658,77,µg/m³,46.33161574361874,1.8764583049776746,4.196244830608071,0
Raj Nagar,28.6746113838002,77.44396364576936,100,µg/m³,16.043729573910383,2.652080092236986,0.8792044891710837,1
Sanjay Nagar,28.690902471051317,77.4566321903804,321,µg/m³,16.54880428692733,9.616396418005307,3.7589266316188543,0
Vijay Nagar,28.63931304831332,77.43366503465973,73,µg/m³,17.50933468844988,2.789631169043844,4.315611492081825,0
Loni,28.747539246538743,77.29073134490774,291,µg/m³,42.49792609612621,8.236042303554472,1.1084837490094364,0
Sanjay Nagar,28.69033737310952,77.44839939438583,310,µg/m³,12.397454527134869,7.557630149516539,2.8663652017741583,0
Raj Nagar,28.68136304831822,77.44286537567521,201,µg/m³,17.22808618612858,3.3202225617708585,4.09137496923683,0
Vijay Nagar,28.643558128477277,77.43965376939447,287,µg/m³,16.293744176250847,5.183956731678126,2.844305687562486,0
Vijay Nagar,28.64200170650859,77.44097096826177,349,µg/m³,14.940101171816629,9.074048812318985,1.009446247628569,0
Vijay Nagar,28.64248186654555,77.4374040965429,335,µg/m³,26.34749230194914,9.365083004715121,2.251154721309039,1
Kavi Nagar,28.66768232418324,77.44150489040169,276,µg/m³,35.454612999359014,6.1255288149951,0.19950648594289794,0
Sanjay Nagar,28.6899268596882,77.44751731511833,110,µg/m³,20.417733316793623,2.964558973934266,0.748137738193852,0
Sanjay Nagar,28.685069262688778,77.45012566696371,147,µg/m³,27.93371130899341,2.095613495858804,3.6252105163803003,0
Vasundhara,28.66139147141699,77.36772176174499,313,µg/m³,10.567951798001944,5.609608629256068,2.6084902870299698,0
Vasundhara,28.66262214842741,77.36889979585794,271,µg/m³,49.90720496764601,7.2762840155955,0.9637995826778396,0
Indirapuram,28.638221651645512,77.37696239392855,319,µg/m³,41.228510210980915,7.7233769848499705,3.341974564802141,0
Raj Nagar,28.675539865251064,77.44742237928678,250,µg/m³,23.02285206477074,6.8717429670880605,0.11845719251616722,0
Sanjay Nagar,28.69114259778934,77.45399996554686,113,µg/m³,39.2161680826065,2.168513120013647,3.5636011416937223,1
Kavi Nagar,28.67028061336785,77.43897204840654,259,µg/m³,28.132809019547476,5.943534616749427,4.18507928911533,0
Sanjay Nagar,28.68766842498348,77.45536126665603,151,µg/m³,35.02103923493831,4.486989517594455,0.5914149192513934,0
Raj Nagar,28.679876397961262,77.43991385117322,238,µg/m³,30.929000717555063,5.656826549702381,3.6504528988121425,0
Loni,28.751305448558192,77.28258065052897,188,µg/m³,10.051091734972788,4.415644392902594,1.8969665610122712,1
Vasundhara,28.66045215063703,77.36420837282857,209,µg/m³,18.134544083914456,6.016851029802915,3.2169831628394085,0
Vijay Nagar,28.64356524267217,77.4408538018002,54,µg/m³,33.05085304581118,0.09339696620829718,0.5237761109837064,0
Vijay Nagar,28.64614695690033,77.43659780780848,189,µg/m³,25.326305007609523,3.9281177230665243,1.582861824795699,1
Vasundhara,28.665016417045585,77.37064087056277,152,µg/m³,33.8583197562765,3.9118808537398984,3.8294451482887206,0
Loni,28.755492602651696,77.2864079687996,208,µg/m³,34.925722911346966,4.381633519019533,3.9992688217771417,0
Kavi Nagar,28.673647215980985,77.44405311114,346,µg/m³,24.492052286938012,8.54578719593615,0.7966740059845037,1
Kavi Nagar,28.67163212162146,77.44519672833239,84,µg/m³,27.091795243941196,2.6849654832547096,1.367517754134479,0
Raj Nagar,28.677015999772323,77.44256839816762,219,µg/m³,44.61360962861661,6.639437166577295,2.2768099942348483,0
Sanjay Nagar,28.68442543653364,77.45180090964995,314,µg/m³,19.969910326848648,9.653604766075363,4.762710569160926,1
Sanjay Nagar,28.689413439263543,77.44765589941231,163,µg/m³,49.02135083002352,4.948689133489851,3.5273334871459774,0
Sanjay Nagar,28.69091128961889,77.45084201703024,67,µg/m³,49.40963461426461,1.1432896575825102,3.774530403010712,0
Sanjay Nagar,28.684295790640768,77.45557762186355,274,µg/m³,40.594527798231496,6.343738745515509,4.522355927199374,1
Sahibabad,28.669976722531796,77.34072508691364,330,µg/m³,29.583589086379018,7.669766402667285,1.0393944475972994,0
Vasundhara,28.66032637613284,77.36997933883356,136,µg/m³,40.47168892999628,2.6270982767592956,2.691301632697928,0
Loni,28.747699900858464,77.2883069779639,283,µg/m³,41.67745335524358,5.796750813984898,3.986386894767793,0
Vasundhara,28.66294733392826,77.36245377333053,227,µg/m³,26.20380435108832,5.751541111898288,3.744009611675631,0
Kavi Nagar,28.66638539513756,77.43616762565772,253,µg/m³,45.084688302650655,5.336816027647785,4.536288759029736,0
Vijay Nagar,28.640739662277923,77.44071634847376,121,µg/m³,34.95736403602686,2.930444027403857,1.2760967752325814,0
Sanjay Nagar,28.68534681249302,77.45081339213252,62,µg/m³,39.064226023636785,1.7098210168934784,2.192761875123161,1
Sanjay Nagar,28.685666161587022,77.45194603738872,183,µg/m³,45.44892284828809,4.290688445987637,0.7606214488036015,1
Indirapuram,28.63270774965867,77.37530626040038,296,µg/m³,25.025373536034902,7.074613333211673,2.9120397323257423,0
Kavi Nagar,28.6711875550616,77.44339087431725,93,µg/m³,43.73449999118082,3.0425873908373684,2.7558664962535295,0
Vijay Nagar,28.645205632132573,77.43919876061008,318,µg/m³,30.488920753611094,8.26519091968242,1.0302164013996191,1
Vasundhara,28.655543024149694,77.36488867790436,346,µg/m³,36.90151806926993,9.282799407827872,1.1437228088491544,0
Sanjay Nagar,28.68549701513912,77.45643858959943,295,µg/m³,40.073687850205374,6.86626675798192,0.21875451391752843,0
Raj Nagar,28.68327886802822,77.44474788243537,255,µg/m³,47.805082925301406,7.165968852381121,4.526600191402378,0
Vijay Nagar,28.639524701233,77.43946382893459,284,µg/m³,24.75664852754436,8.009996222726098,2.314688514980201,0
Vijay Nagar,28.646417593385586,77.43398168162177,153,µg/m³,35.1545652606993,3.4097996612077583,2.7589698982105135,0
Vijay Nagar,28.644724982397676,77.43586129381019,97,µg/m³,32.647795587838935,1.4512865647527415,0.7650090351470579,0
Loni,28.755479712834887,77.2822327225663,144,µg/m³,37.17600194158656,2.3882228808162718,3.1120931430231398,0
Vijay Nagar,28.64030946012453,77.43883173795298,92,µg/m³,33.72012421114739,2.2070555978465927,4.976609788802719,0
Vijay Nagar,28.63936665062853,77.43874245280543,228,µg/m³,16.294574974083467,3.49416735492049,2.711502008201554,0
Raj Nagar,28.68101385288312,77.43867883820062,290,µg/m³,19.300763165969098,5.343453946838865,2.985052679931561,1
Sanjay Nagar,28.68613320484982,77.44893857908046,166,µg/m³,22.02203975900001,4.068919481609364,3.477094522290089,0
Kavi Nagar,28.66850776555101,77.44273360537024,139,µg/m³,23.554896018337537,3.5848756729168203,4.87744109375068,0
Raj Nagar,28.683625809271472,77.44297984196923,258,µg/m³,38.810160890601225,6.542892571880694,1.4187112068345662,0
Kavi Nagar,28.66965832206044,77.43875632365574,230,µg/m³,21.427756858870374,6.645647068335792,0.3553800320946985,0
Sanjay Nagar,28.69261841245468,77.45647672439708,310,µg/m³,30.171124877061843,7.37084472949231,2.888550232971507,0
Sahibabad,28.66260982460357,77.34606680102992,282,µg/m³,31.214776168429633,8.673721411113878,2.1284848089437323,1
Sahibabad,28.66411838275327,77.34778548913269,282,µg/m³,14.250743943118195,7.769501258398548,0.7666038605747819,0
Raj Nagar,28.679291422165765,77.44163591660566,118,µg/m³,31.50206020593818,2.0957753281787803,1.1356855369992627,1
Loni,28.755738387422063,77.28385637686557,140,µg/m³,47.07410844857174,4.845624668433771,0.9031376878256866,0
Kavi Nagar,28.67251968621567,77.43773995625398,333,µg/m³,20.580580552208176,9.152604216999512,3.548815743732738,0
Vijay Nagar,28.64436247469813,77.43305920698731,50,µg/m³,18.42739614446037,0.0,4.878274011423298,0
Sanjay Nagar,28.68707636000324,77.44718989314995,224,µg/m³,48.11417332020811,6.270781982223805,1.0389743896211348,0
Loni,28.751326409510973,77.2837994104825,55,µg/m³,35.00676639881554,2.0306161945978825,3.18890707714153,0
Sanjay Nagar,28.690390585258204,77.45080952059318,148,µg/m³,46.45773483786216,4.043545269240552,4.719792821991045,0
Sanjay Nagar,28.69091710676318,77.44816173179363,84,µg/m³,33.19783531382,2.928209747641806,1.1053555496576146,1
Kavi Nagar,28.673967843327404,77.44255624064806,235,µg/m³,22.663237158131295,4.735740815921766,4.265586240541613,1
Sahibabad,28.66309283427255,77.34746594490146,245,µg/m³,22.580484808897765,5.447955127064116,0.28740964993683593,0
Sahibabad,28.6610355432692,77.34170007353187,90,µg/m³,28.53169838841786,2.54824743969196,1.3194097107722835,1
Kavi Nagar,28.666591228450734,77.44144004366409,167,µg/m³,20.952969492579847,3.7939363285539027,2.052108423484736,0
Vasundhara,28.66265771229905,77.36518792102544,255,µg/m³,16.142699951396153,5.736325810063361,2.6126485255609007,0
Indirapuram,28.63618089218134,77.37483885768955,275,µg/m³,16.002614141133236,8.679964105311694,4.492077728053333,0
Vijay Nagar,28.64170664572866,77.43630899942892,180,µg/m³,22.674839479735866,3.793989589303103,0.6118502584215383,0
Sanjay Nagar,28.684529794447634,77.45191576572324,287,µg/m³,17.324233741215753,7.9845643560766,0.31284411736212253,0
Raj Nagar,28.68241581633072,77.44113025630188,137,µg/m³,41.44347434500032,4.117992772791544,2.0123523897242444,1
Loni,28.751192767372757,77.2861588538353,56,µg/m³,47.841891298864866,1.8370438262401658,2.507128505670368,1
Vasundhara,28.655512002390637,77.3653368206713,172,µg/m³,36.4117052818104,3.784918607293486,0.3825982631036977,1
Sanjay Nagar,28.690989069558995,77.45200460253359,330,µg/m³,25.412499239024168,7.012340868486701,0.10047292072864084,1
Loni,28.7547767307861,77.28275433907257,144,µg/m³,14.91754287231901,3.3735817757507554,1.6982888710101918,1
Kavi Nagar,28.67294686950302,77.44400213695408,212,µg/m³,44.79768745512463,5.740635559107618,0.9094043003872972,0
Sahibabad,28.66737864922408,77.34306488364675,212,µg/m³,19.49254686155075,5.142608442832269,3.2659155319624706,0
Vijay Nagar,28.63823354302265,77.43398337083194,108,µg/m³,18.617447908253368,3.5532590927346104,3.042657194440878,0
Sahibabad,28.665723241742,77.34180236356191,155,µg/m³,42.677285532453354,5.090960593480845,0.8653298651909166,0
Sanjay Nagar,28.69181782301562,77.44765354259846,210,µg/m³,44.81468600200858,3.557166479128399,3.9045152695144485,0
Vasundhara,28.660337124020725,77.36617212366922,172,µg/m³,41.49299926094721,5.305026732475804,4.4243365198799465,0
Vasundhara,28.656193991443644,77.37027776596057,274,µg/m³,13.432507291223615,6.357206738517721,3.002827236173303,0
Sahibabad,28.661212370383414,77.34478268755593,121,µg/m³,18.363888513552695,2.6013660401426506,2.3169011659774927,1
Loni,28.74805350540091,77.2909238527515,348,µg/m³,17.301834803655176,7.466380412342286,0.6444516103708696,1
Vasundhara,28.656416217415277,77.37129930113457,225,µg/m³,21.24870900141296,5.955955370375326,1.8899820598720614,0
Indirapuram,28.636980063613745,77.37046372783949,94,µg/m³,42.17335039898875,1.7444119949834882,2.8008230868447717,0
Indirapuram,28.63701415788869,77.37555760642711,86,µg/m³,29.931052169727224,2.0107251652280693,0.5880382673220514,0
Loni,28.751160483712148,77.29100888897268,73,µg/m³,44.67267776708467,0.0,3.5762770449422776,0
Sahibabad,28.666516601148853,77.34600754770034,162,µg/m³,38.151456729971144,5.006197569527824,3.336965251758764,0
Sanjay Nagar,28.684003580501997,77.45150816441509,238,µg/m³,21.981358506496328,5.697683499210678,0.8623459448878049,0
Sahibabad,28.661461528909857,77.34074468797849,125,µg/m³,40.89448154972599,1.72674394941898,1.8051078416294533,0
Vijay Nagar,28.64549907306562,77.44057019727795,280,µg/m³,12.806264665429934,7.716199520412181,0.3022605457408595,0
Raj Nagar,28.683503434632204,77.44337955479419,211,µg/m³,44.05956005239622,4.809334159250815,4.146357379994903,0
Sanjay Nagar,28.68973928291585,77.45201665441806,125,µg/m³,27.1111696329508,2.409239058619351,4.9981889852013115,0
Sahibabad,28.662383684386725,77.34202974095905,249,µg/m³,46.19370817823705,6.222457665347461,0.15065753271888896,0
Indirapuram,28.63889593662886,77.36869486123248,53,µg/m³,44.83358473632311,0.3691858397375454,3.2322118249817184,0
Sahibabad,28.669506742505835,77.34496018088207,221,µg/m³,11.257753896974073,4.801364623685558,4.546817874796326,0
Sahibabad,28.66727107522891,77.34352053054445,269,µg/m³,47.37465691447139,8.09935655868815,3.183541321142585,1
Kavi Nagar,28.674659060080547,77.44360652849495,232,µg/m³,39.12561558605405,4.726680751101788,2.0448239744635606,0
Kavi Nagar,28.66596626267088,77.43869842627802,282,µg/m³,39.75735747290787,4.903095494885864,1.5864547133152935,0
Sahibabad,28.6637298829278,77.34362858306481,223,µg/m³,19.11104870341482,6.2670795885926465,1.9622813777873396,0
Vasundhara,28.659548684113293,77.37217175103792,274,µg/m³,29.960370037483884,5.996113696750959,4.482460214933131,0
Vijay Nagar,28.64091305318945,77.43456405255684,207,µg/m³,24.08519316395383,3.886239972918912,3.406319426306618,0
Sahibabad,28.668948562824657,77.3498573338674,139,µg/m³,24.855539377559094,2.318300062640369,3.1351826199844517,1
Indirapuram,28.64103136959269,77.37689003943687,52,µg/m³,45.96925275617583,1.1606706327430942,0.6864034361085899,0
Indirapuram,28.63924858423308,77.37224114049637,125,µg/m³,37.7930933334516,4.575599121486488,1.1512209005559402,0
Sahibabad,28.666304283740992,77.34188133012896,170,µg/m³,37.135909719412574,4.104494178105529,4.414171621208586,0
Sahibabad,28.664190055990797,77.34517516580894,308,µg/m³,37.14113689251737,6.628205685187125,0.3486991675243877,0
Indirapuram,28.63327366870497,77.375803667892,87,µg/m³,46.75276664735223,1.3289123623744354,4.666527003000337,0
Indirapuram,28.63920053468863,77.37519934537976,151,µg/m³,32.61430153701844,4.435252550413804,4.665189118691909,0
Sahibabad,28.66685813403277,77.34236658304258,326,µg/m³,37.47718629297988,6.238728566048358,3.381131009268417,0
Loni,28.746737543197444,77.28430403221442,109,µg/m³,19.26934520752163,4.074570941273597,0.8102838531228168,0
Vasundhara,28.664087684047526,77.36363696982752,128,µg/m³,30.439965332378986,2.291990537946307,4.262222128259843,1
Sahibabad,28.66835515366934,77.34223770929341,348,µg/m³,37.48239921870544,10.0,4.5313868414914165,1
Sahibabad,28.66889102615113,77.35051602053147,245,µg/m³,19.623273185800958,7.865292947677996,2.8291260842607766,0
Loni,28.752460083657223,77.28464331996614,224,µg/m³,30.241825677361348,4.34593016983767,1.4040951771376073,1
Vijay Nagar,28.64678500061588,77.43853269689862,57,µg/m³,47.72416510094839,2.9778586276907486,2.7551798638811182,0
Sanjay Nagar,28.69159772054572,77.45322757538042,235,µg/m³,44.40639933289461,5.470407932346434,2.6755661442398733,0
Loni,28.75589505358824,77.28823732403144,277,µg/m³,10.984981536446213,7.440581158502149,2.4525692251899818,0
Raj Nagar,28.68045487020133,77.4412077797916,72,µg/m³,32.93520502439701,1.9738600703549944,4.735873773787924,0
Loni,28.74782011525831,77.29127249375816,247,µg/m³,18.181133461656785,5.942328568774885,0.1919130645014038,1
Sanjay Nagar,28.68946796536337,77.45598342821421,189,µg/m³,15.55782386067063,3.5198070728476276,3.0298159587534363,0
Sahibabad,28.668964012899803,77.35034986669424,307,µg/m³,30.302817459098833,7.978917914791312,1.7612116868445569,0
Kavi Nagar,28.67370935538472,77.4415084165308,237,µg/m³,32.93493869169171,6.122109001959793,0.4687468693337401,0
Loni,28.755385581198667,77.28967879435528,221,µg/m³,24.252932164130844,5.250469603157726,2.7958453758156603,1
Raj Nagar,28.677880820656657,77.44383821196264,191,µg/m³,28.810248577886206,3.7662883181970983,1.837745045159797,0
Raj Nagar,28.67816785050342,77.44194411550198,211,µg/m³,40.05287872636484,4.763167056717764,2.7646952821601016,1
Sahibabad,28.665316844760387,77.34284269234334,265,µg/m³,41.26319910764859,7.013575064279991,0.8074515662311406,0
Indirapuram,28.637079447516395,77.37210998983443,187,µg/m³,41.07245498262196,3.817085919124871,1.6702301925852705,0
Vijay Nagar,28.64524386420427,77.44049706004674,314,µg/m³,34.83347128253287,7.223937532529647,3.996982477865446,0
Sanjay Nagar,28.68721912090381,77.45626980186243,207,µg/m³,32.41721105452419,5.527336561700781,2.245347158234581,0
Sanjay Nagar,28.68640289591656,77.45392382960185,249,µg/m³,49.499713514371265,6.962903873369193,4.607854666490022,0
Vijay Nagar,28.63903882823252,77.43781058683051,77,µg/m³,34.73715026089434,3.278551143608264,4.135210714379671,0
Sanjay Nagar,28.6880130933424,77.45578381948043,204,µg/m³,30.56354495354074,5.0306721710031646,0.34678234385934326,0
Sahibabad,28.6639998243241,77.34113885406603,254,µg/m³,33.623750131706025,6.0055507582274705,1.325169415510491,0
Sanjay Nagar,28.691728688117568,77.4561092277643,215,µg/m³,39.246181455634655,5.99738972236209,1.4149257665900057,0
Vasundhara,28.656641270091708,77.37043030188717,213,µg/m³,14.383357039030486,4.979058598598467,3.5512917525471788,1
Vasundhara,28.664751390685545,77.36608298854972,162,µg/m³,42.07553654889924,5.190011990303573,3.259016217711956,0
Indirapuram,28.64136368563174,77.37235107186407,194,µg/m³,21.859174892437515,4.111916796106597,3.4309670539058366,0
Vasundhara,28.655217071105724,77.36621516292251,93,µg/m³,25.67814050264863,1.5738089128808264,3.106160768655887,1
Sanjay Nagar,28.68423707905837,77.44797898377352,170,µg/m³,10.938787857325107,3.4941966767101116,2.6452945394762066,1
Kavi Nagar,28.669700356986443,77.43999113618955,237,µg/m³,15.427084456985227,3.567712308895216,3.9723846888368075,0
Vasundhara,28.664828759738985,77.36718764587829,300,µg/m³,19.749055216096348,9.267177653521504,2.5235843850965045,0
Vijay Nagar,28.643348100285127,77.43876280552995,185,µg/m³,21.396555556923495,3.9350505254597663,4.937096610749259,0
Sanjay Nagar,28.692112857640936,77.44882670015305,79,µg/m³,20.11406469384206,2.024634994046564,3.8730693462316332,0
Indirapuram,28.640785358375663,77.37177647542867,103,µg/m³,41.45761024056244,2.3481339609388048,1.0595903761475172,1
Raj Nagar,28.683279808399107,77.44150836777756,238,µg/m³,11.471738979248816,6.683283848183041,1.0406464980359214,1
Indirapuram,28.63717427940241,77.37563863928716,311,µg/m³,36.04399089337508,5.846160629269785,4.23909190554444,0
Indirapuram,28.641228619263966,77.37306658688289,302,µg/m³,12.165082394002722,6.674826540644334,4.468943073269305,0
Vasundhara,28.66497422875612,77.3715997091847,221,µg/m³,46.97146967816717,6.8707994328137545,1.7478878931814323,1
Sahibabad,28.665854263656144,77.34370725258294,115,µg/m³,16.98712295084888,2.5322472810067764,0.8207711197736197,0
Sanjay Nagar,28.692056191530963,77.45545083847443,194,µg/m³,49.55551176679515,5.875903615782243,1.605305400830224,0
Loni,28.752819837543186,77.28224520604223,166,µg/m³,42.289367183725005,4.435845293867053,3.6864093857609017,0
Raj Nagar,28.678208032023534,77.443872190239,308,µg/m³,15.264224333099769,8.415355312943777,3.0313338167441364,1
Sahibabad,28.669584608873976,77.34163355395519,324,µg/m³,47.4347149010734,8.703773079019243,1.6161721965851843,1
Kavi Nagar,28.671572887893745,77.44484809005436,152,µg/m³,44.84723799037258,4.255191490894253,3.980457217235024,0
Vasundhara,28.6590139672116,77.3638175971393,236,µg/m³,34.54158382447938,7.068089991524654,4.7832877757168015,1
Kavi Nagar,28.66576898211056,77.43707199921607,336,µg/m³,30.087478567028114,8.07490888924518,3.623542178010608,1
Kavi Nagar,28.673149263670737,77.43758744332635,84,µg/m³,14.354029873747693,2.731905327316757,2.3497297647096986,0
Raj Nagar,28.67911407478519,77.4400693893223,196,µg/m³,17.490755030642198,3.784292638989396,1.3514447890783896,0
Raj Nagar,28.6788510113004,77.44366808261647,190,µg/m³,39.61721113660391,4.944077271683256,4.22269873222603,0
Vijay Nagar,28.64133828105408,77.44057260862903,285,µg/m³,45.44498265904846,6.446975681235912,3.6788534651531424,1
Raj Nagar,28.67435227788068,77.43794069507945,264,µg/m³,47.082760830401654,4.908931220272747,4.072967208349397,1
Sahibabad,28.66505412594007,77.34274931411032,175,µg/m³,23.06219166472333,2.957310104689709,1.9072307804671218,1
Raj Nagar,28.676844148669367,77.44597518007811,309,µg/m³,41.6295397372656,8.874255661374304,3.5664506284395756,1
Raj Nagar,28.682453852420547,77.44179937467834,226,µg/m³,25.714500109374754,5.8419991827526,4.711566194728451,0
Sanjay Nagar,28.69094434193547,77.45622542670057,97,µg/m³,35.77686995272988,1.4338495430736902,1.8141187126669502,1
Loni,28.7557464272296,77.29063931772087,236,µg/m³,45.133801571634265,5.068453169367624,1.3289717141516064,0
Sahibabad,28.66671220048337,77.34552707135464,71,µg/m³,36.9815359464027,1.8936815872049497,4.942184657783652,0
Indirapuram,28.637504421581944,77.37130769230414,345,µg/m³,16.29758615718295,9.485270453562432,2.7273741211673768,0
Raj Nagar,28.675967817121418,77.44290293286727,51,µg/m³,19.660593586638267,0.3461832409304514,0.5427261518436987,1
Loni,28.74782459941703,77.28284529088577,336,µg/m³,39.44354812182446,8.097733849327884,1.558541534571895,0
Kavi Nagar,28.670626897485818,77.44363252283698,315,µg/m³,44.37676758990338,8.236186072955919,0.2773710360483948,0
Sahibabad,28.6651405290411,77.34345854645966,163,µg/m³,33.77860415842805,4.949847440291834,3.8548360405777258,0
Loni,28.748941072807323,77.28738189652444,276,µg/m³,19.03191107863245,6.370923448431472,3.721265189281238,1
Sanjay Nagar,28.684764763871275,77.44926818231193,78,µg/m³,37.51858732656471,2.545445290114058,0.5433146755566701,0
Kavi Nagar,28.670329970362136,77.44055109698841,347,µg/m³,27.638034412708265,8.798862970464425,0.43591383402138884,0
Vijay Nagar,28.63943592443899,77.43917629834088,191,µg/m³,26.817690756756562,4.1238601600552895,4.648034818884532,0
Sanjay Nagar,28.69118554685904,77.4506202532126,54,µg/m³,20.37555239074171,0.9599222931160009,3.4502732650528354,0
Kavi Nagar,28.673553004899656,77.43879014940647,222,µg/m³,38.95623104361333,5.966870109176706,1.79278063853634,0
Loni,28.75386618495583,77.29195968779787,310,µg/m³,22.167151187552697,6.0799281107631336,1.663866289314677,0
Sanjay Nagar,28.687520478722792,77.44962477926286,241,µg/m³,30.432505685356567,7.000216938764811,2.8781706109745,0
Raj Nagar,28.67762257296137,77.44202437294418,140,µg/m³,25.84351325450315,2.954413859427185,2.9219408348207256,1
Vasundhara,28.660881588560184,77.37148232135327,243,µg/m³,21.016207205146806,5.610769896459563,2.700827394732886,0
Raj Nagar,28.6816999572244,77.44298195947324,220,µg/m³,35.125188805659704,5.309655490594407,1.0689974395004977,0
Vasundhara,28.665195441655666,77.37065263154577,274,µg/m³,44.36335036293346,6.22929880799114,2.3306568477480143,0
Sanjay Nagar,28.68702873339152,77.4503595649461,54,µg/m³,36.12397139374431,0.0,2.035617442744876,1
Loni,28.750672339232604,77.2841259226487,312,µg/m³,28.1737729176223,8.584088935684647,4.930823588978016,1
Indirapuram,28.641399360235688,77.36876940179485,169,µg/m³,28.284184497998606,4.922599317358306,1.279086359107665,1
Kavi Nagar,28.66961538891104,77.44473117143336,209,µg/m³,15.73573029222528,4.413518194548251,2.1997494906240598,0
Sanjay Nagar,28.685675039661863,77.45310442234135,257,µg/m³,25.682257918623357,5.4495161673246315,1.3010561323858907,0
Indirapuram,28.63955243261118,77.37765033158807,228,µg/m³,38.613880074145484,4.532240400543755,4.1608756343129505,0
Sahibabad,28.666123537989865,77.34119733341214,74,µg/m³,29.532469755341882,1.9757575855905656,0.36850916059513084,0
Kavi Nagar,28.67160158131976,77.43787364785668,161,µg/m³,41.146547961589434,5.403522677215516,0.1152492468327528,0
Vasundhara,28.65946263752302,77.37122559495864,96,µg/m³,35.52794160264424,3.125692379699683,0.4193822534462823,0
Kavi Nagar,28.664903964342653,77.44024842208735,274,µg/m³,45.31070148937276,7.299092159091765,4.474144887615785,0
Sahibabad,28.66760072863056,77.3462229853545,263,µg/m³,21.079753265328854,6.389353635207325,1.9723055155248632,1
Sanjay Nagar,28.69000762124598,77.45015403039743,310,µg/m³,44.0999810116648,8.029508192702027,1.6391401717927183,0
Loni,28.754820923569632,77.28742212962894,138,µg/m³,32.93308305988863,2.5514442319755957,0.2665382787142495,0
Kavi Nagar,28.67146092141918,77.44079490238718,109,µg/m³,49.48151144273356,2.5023911143729096,1.9240598935985194,0
Sanjay Nagar,28.692636693358956,77.4554624918164,139,µg/m³,30.627962297513175,2.4816288173951335,2.384423657731442,1
Sahibabad,28.66204823467694,77.34399523729816,149,µg/m³,36.21433146655846,3.4243249518223804,4.152799212352163,0
Sanjay Nagar,28.69007070551389,77.44861939373538,66,µg/m³,14.800316110673236,1.7702003490729146,4.884592423634187,0
Vasundhara,28.656068148760557,77.36996368037721,254,µg/m³,29.271769786612015,4.854785917516476,4.8617155017788924,0
Sanjay Nagar,28.68567634994312,77.45465414986607,276,µg/m³,33.41664123119646,6.778411638250851,3.88726846360572,0
Loni,28.747154269893773,77.28725977130847,193,µg/m³,39.14763236394269,4.415971374823465,0.38230411790942065,0
Kavi Nagar,28.67305924161515,77.44324295893091,322,µg/m³,24.576011802185636,7.198762438099214,3.342427061696126,0
Raj Nagar,28.68104375509044,77.44382993834188,212,µg/m³,33.62696310229742,3.9589276352250478,2.853128544067621,0
Sanjay Nagar,28.68437263733904,77.45161980241357,208,µg/m³,18.386028379557363,5.661941500517552,0.9663862288024117,0
Loni,28.75138185758985,77.28868586287045,242,µg/m³,34.0868444912968,6.603942399046122,2.4277883397683793,0
Kavi Nagar,28.66742084126009,77.44116567470076,127,µg/m³,43.67494836648184,2.9070002227050398,4.903335543141617,0
Sanjay Nagar,28.690711964718616,77.44966315888037,153,µg/m³,42.506664535482386,3.6999243038308602,2.005252956935513,0
Indirapuram,28.64112916415296,77.37800348553657,224,µg/m³,10.412866698646717,6.470807883141115,0.6451580866327252,0
Raj Nagar,28.67533849347901,77.44155399966722,170,µg/m³,33.054294019921656,4.0098955427412095,2.5805984384841842,1
Vijay Nagar,28.643351806551124,77.43743272956759,62,µg/m³,41.78649026504685,2.185383071677849,2.7800237814704407,0
Sahibabad,28.665906528219505,77.34724712411293,326,µg/m³,43.91359623482805,8.624419146484298,1.7246804802532976,1
Loni,28.748320996481205,77.28554888612348,207,µg/m³,13.3318337147427,1.5787512324624529,2.4432986853339775,1
Vijay Nagar,28.6392757267327,77.43517025970321,222,µg/m³,25.100831986551555,6.76339029212043,0.5508991335629815,0
Raj Nagar,28.678198454915087,77.44210350235808,196,µg/m³,33.89600559190379,4.350947703748566,3.401988061213267,0
Kavi Nagar,28.6680382189106,77.44225909221763,207,µg/m³,40.29342953050357,6.807439953506027,4.766452896464843,0
Sahibabad,28.66294121841901,77.34942100875068,219,µg/m³,47.326363477403994,6.712102120063604,4.9772259876330995,1
Raj Nagar,28.68385145148088,77.44455493182575,117,µg/m³,13.698055012442282,3.4158760279583222,3.1311747206924028,0
Vijay Nagar,28.64656936019861,77.4360835882611,137,µg/m³,38.27382563878073,1.6423567904684264,4.5161633491291395,1
Vijay Nagar,28.644851746195933,77.44209122427637,153,µg/m³,16.896083165477638,4.951415332611813,2.5109917603381104,0
Kavi Nagar,28.66977278396728,77.44301334497689,138,µg/m³,20.119184009711397,2.4080791221081776,4.306342137055198,0
Vasundhara,28.662791158463136,77.37076159107538,216,µg/m³,44.39445146415129,6.514963319308895,3.027280673503235,0
Sanjay Nagar,28.687818908113403,77.44977017805427,177,µg/m³,24.619499039843745,3.590100020130804,0.17421477343654612,1
Loni,28.756034141877493,77.2877707370493,314,µg/m³,31.010532926879613,7.596647246652795,2.011312940756295,0
Loni,28.746705423214745,77.2890844656238,278,µg/m³,36.91857226306826,8.340383349233084,0.7199303940037184,0
Loni,28.747650487699328,77.28338400207546,93,µg/m³,12.07794596900765,1.0632666434109688,3.7513915992818054,0
Vasundhara,28.6620632850642,77.36945173642982,93,µg/m³,19.047912092630142,1.848481076479708,1.647538450338516,1
Sanjay Nagar,28.686162598225284,77.45122572722292,114,µg/m³,21.30953793524135,1.3406747431603216,0.5994099358167334,0
Vasundhara,28.663928320284267,77.36954604095271,107,µg/m³,37.32818942197054,3.2189449023941434,3.888620511973438,1
Vijay Nagar,28.647806404830508,77.43697065630488,67,µg/m³,18.864814655318188,0.0,3.8511328506059477,1
Vijay Nagar,28.64529959440362,77.44191652283612,191,µg/m³,27.785970922347435,5.385206974661091,0.3096465145415137,0
Loni,28.751384355415983,77.28246031869323,274,µg/m³,12.684631510181372,6.750055830661243,2.9311402341674184,0
Vijay Nagar,28.63818647388028,77.4331381871343,122,µg/m³,14.010838021333614,4.012828522482728,3.291942700184384,0
Vijay Nagar,28.63970620683208,77.43296516169836,338,µg/m³,10.12398520565155,8.697211642637166,0.18456137004619758,0
Vasundhara,28.65819526863764,77.37111528107981,102,µg/m³,19.302498542893844,1.9170485966780826,0.1626948401663839,0
Vasundhara,28.658892664915168,77.3626584591348,150,µg/m³,28.578605035862065,3.7495814670765597,2.2316155417195302,0
Vijay Nagar,28.6406572294927,77.43512836041491,257,µg/m³,35.57051014780136,6.258906087244586,1.7263470151258289,0
Sahibabad,28.667874316120717,77.34956747617873,154,µg/m³,48.07927075674275,4.072853660246293,0.9630173177183018,0
Indirapuram,28.63198214073097,77.37034864554205,155,µg/m³,14.07190553122993,4.741464280142727,3.6283317762939085,0
Vasundhara,28.657925151425445,77.36460519225375,221,µg/m³,28.030257846376397,6.059009113685695,4.5577396129473176,1
Loni,28.75148797204446,77.28609072384639,115,µg/m³,31.268329929527475,3.0338100350021238,4.910349950842341,0
Sahibabad,28.67046817461626,77.34185226702463,121,µg/m³,49.71698196835622,3.3065934483326496,2.8756995094638107,0
Kavi Nagar,28.673091418208006,77.44049153120288,140,µg/m³,35.37432809588767,4.00041482811656,2.525037528464276,0
Indirapuram,28.635158155911583,77.37592078883662,118,µg/m³,29.434514645513616,3.8162717215628663,4.213045982468821,0
Loni,28.747250280169027,77.2872580464885,344,µg/m³,13.934674529836734,8.639714191811132,1.8551350802385513,0
Vasundhara,28.6559452947708,77.37159366060106,110,µg/m³,27.425625567651615,2.749817766800376,2.693147659790599,0
Loni,28.75388217031875,77.28834585631571,151,µg/m³,22.53415145979766,4.8285054608766265,3.6429694738570513,0
Sanjay Nagar,28.690136926983534,77.44779204476534,267,µg/m³,32.12228185351567,3.893258114254391,3.3775736575340014,1
Vijay Nagar,28.641611522218582,77.4359418176995,114,µg/m³,17.350046602613705,2.672732218576683,4.053519211429384,1
Sanjay Nagar,28.693578678743997,77.45092456862365,163,µg/m³,38.692249113609975,2.958919045934862,3.2328388544486746,0
Sanjay Nagar,28.691206876243307,77.44828655663402,347,µg/m³,19.167232830544624,8.437456058698986,1.015820286412727,0
Sanjay Nagar,28.68384537848712,77.44792616614936,343,µg/m³,44.53360352787422,10.0,1.2814813598985269,1
Loni,28.75009656839645,77.28561723660859,52,µg/m³,15.014973631583102,0.8573919986627487,3.473828151276318,1
Vasundhara,28.66352166654772,77.36658756473884,238,µg/m³,17.14991276082654,3.3185214614127867,3.4911928040764533,0
Loni,28.74949137763084,77.28424650143646,106,µg/m³,16.138622938618013,1.8561246605652908,3.359131988372026,0
Kavi Nagar,28.673713459754165,77.43605743274317,251,µg/m³,35.48674024143369,4.6243793890152265,4.664836162905299,0
Raj Nagar,28.67761660480793,77.44478630264393,169,µg/m³,30.187977849037132,3.4314407965310165,4.530692854186196,0
Indirapuram,28.64097448298191,77.37045661470039,72,µg/m³,31.965802453603906,2.431475251097564,0.481654745682468,0
Vasundhara,28.663909869563422,77.37212744801889,326,µg/m³,47.36722634751684,7.856809974904497,0.44604693570384235,0
Sanjay Nagar,28.686172904811883,77.44728329796975,346,µg/m³,23.500468932924935,8.140677960827981,2.4951842879699275,0
Indirapuram,28.64009057286893,77.37012475159834,102,µg/m³,45.02672257122033,1.851073065448269,2.075232893888678,0
Sahibabad,28.662464777636814,77.34959811337498,158,µg/m³,34.243440890707475,5.043347455834171,3.913011381619733,1
Sanjay Nagar,28.683937266601767,77.44859413207189,187,µg/m³,13.214006612438496,3.6050782307126843,1.2740454117547688,0
Vijay Nagar,28.64540391628837,77.43458005620504,51,µg/m³,47.610752672208655,0.0,4.824480468135125,0
Sanjay Nagar,28.691901365046544,77.44738731706,112,µg/m³,24.710536970468723,1.2146583057505418,2.675567244506315,1
Sanjay Nagar,28.68865673617776,77.4553731795965,256,µg/m³,23.029166278062068,8.09865240894686,2.4280152729778735,0
Indirapuram,28.6362455701338,77.375957429609,89,µg/m³,45.26404079796759,2.5482662903611866,2.546472318198767,0
Indirapuram,28.63209065984801,77.37384276299802,343,µg/m³,42.338377840271676,7.803283053862667,3.895510139295475,0
Vijay Nagar,28.642635700791217,77.43884698356199,219,µg/m³,29.021920074522335,4.686496384283763,2.2954588474643325,0
Loni,28.74848003032744,77.2871480089222,63,µg/m³,22.426140497032236,0.5443010404093811,0.9500823629315436,1
Kavi Nagar,28.665789264607355,77.43533095873578,173,µg/m³,42.71027181352188,4.580601185803735,0.3846484601464236,1
Kavi Nagar,28.670563991416262,77.44297803120409,215,µg/m³,19.037130431104494,5.3671062414350965,2.8171899364059727,1
Raj Nagar,28.67982133589221,77.43881014961134,253,µg/m³,24.989943923642578,6.060385283537308,1.288323780216803,0
Raj Nagar,28.6752989654786,77.44321365687028,277,µg/m³,39.90759941652379,6.9484776870534795,0.7712834903726092,0
Sahibabad,28.66665461465675,77.34620203746715,224,µg/m³,41.45517319674366,4.0008285427774215,1.731238196594298,0
Indirapuram,28.63600908833788,77.37443003945498,197,µg/m³,39.518864858403084,5.3737156025903925,2.5253723605240332,0
Loni,28.7524660538017,77.2906757870121,167,µg/m³,32.56697732744938,2.3564353663299116,2.3240245837349325,0
Indirapuram,28.63738711419793,77.37646698497088,134,µg/m³,25.496884006978654,3.9081763244500847,2.4340066219548415,0
Loni,28.74890731528461,77.2908463860598,237,µg/m³,45.729348320067366,6.217042957099903,4.437375179894613,1
Sahibabad,28.666218299849973,77.34226489516655,109,µg/m³,29.391899615180872,2.2556592947652483,1.7420200440163023,0
Loni,28.75399352729767,77.28364990946453,118,µg/m³,36.69199005220142,4.484463342024916,1.2638550974472267,0
Sahibabad,28.66809750215012,77.34403274754374,138,µg/m³,44.11361925849905,3.7183016340751984,2.4707490527185416,1
Vasundhara,28.655878387208293,77.36966827286729,130,µg/m³,15.228855172124781,3.286306873983242,3.6576401514199484,0
Indirapuram,28.63884115668923,77.37077825727923,270,µg/m³,39.053643913178725,5.2123599873325706,2.4747204651230525,0
Sanjay Nagar,28.68904234508164,77.44927021901074,54,µg/m³,33.202217452903824,1.2077567226211539,3.847003114893034,0
Indirapuram,28.63612389973196,77.36842685519514,115,µg/m³,26.938764655426933,3.111179081750241,4.505348516195887,1
Kavi Nagar,28.66537129558396,77.44032662735698,320,µg/m³,44.244518408875074,5.758616127995873,3.2492340675088784,1
Raj Nagar,28.68063972564942,77.43809227052871,174,µg/m³,39.296065988042585,3.1770557487996745,0.2565686220967015,1
Loni,28.747153409020843,77.29112329914366,97,µg/m³,30.936533228660117,1.473756068148198,2.770221001881248,1
Vasundhara,28.662150495271167,77.37022386651867,294,µg/m³,19.07059041411951,8.53771956240252,4.489698901180976,0
Loni,28.747608061897825,77.28529320777278,195,µg/m³,26.14714232753931,4.14673300254598,4.00150299419508,0
Sanjay Nagar,28.691520541241104,77.44965326804396,266,µg/m³,31.64943640072323,8.80918437612128,1.1542478079173657,0
Loni,28.750617970865385,77.28847438340088,86,µg/m³,13.090151838012618,1.1189257627299185,4.549210749370401,0
Vasundhara,28.66510995316672,77.37130381382926,170,µg/m³,36.40628346173993,3.678184172211201,0.17990447567996373,0
Kavi Nagar,28.66745710026574,77.43967886787775,304,µg/m³,23.0075154211856,8.916066842083374,1.220018479569447,0
Loni,28.750624809501957,77.28633926634197,211,µg/m³,22.5490172823471,4.353399948053028,0.44101780482538067,0
Indirapuram,28.637044532163053,77.37615654197921,198,µg/m³,26.57171243070836,3.775994135868775,0.8789670479049101,0
Vasundhara,28.655926024805925,77.37131060590889,183,µg/m³,21.929645198987608,2.2415241688102046,2.895548325522192,0
Vasundhara,28.658946865074203,77.37109808722029,150,µg/m³,43.28490837138795,3.0052187228087432,3.069944835042939,1
Sanjay Nagar,28.69268963273536,77.45300374084597,158,µg/m³,37.47019519327637,4.220969762084711,0.8566267750375904,1
