location_cluster,latitude,longitude,pm25,unit
Indirapuram,28.63207452356856,77.36868034762288,163,µg/m³
Sahibabad,28.6621775986,77.34763703971151,114,µg/m³
Indirapuram,28.640440351206063,77.37090843613964,241,µg/m³
Vasundhara,28.662774758734624,77.3680821756354,333,µg/m³
Indirapuram,28.63676503761661,77.3695609745084,126,µg/m³
Sanjay Nagar,28.686288858477653,77.45444112966925,154,µg/m³
Loni,28.751159584789626,77.28432440337701,204,µg/m³
Vasundhara,28.656339705227904,77.36537652399505,95,µg/m³
Loni,28.75449587374044,77.28236710466814,202,µg/m³
Vijay Nagar,28.640522446146,77.44009850842832,90,µg/m³
Sahibabad,28.66457814307419,77.34292130275915,304,µg/m³
Sanjay Nagar,28.690997696928275,77.45493825481587,135,µg/m³
Loni,28.75468262856667,77.28444811317736,289,µg/m³
Sahibabad,28.66214926654087,77.34755028218942,193,µg/m³
Vasundhara,28.65629103622685,77.36978935147098,269,µg/m³
Loni,28.751542310115337,77.28268058726758,71,µg/m³
Indirapuram,28.63611829178823,77.37140807896512,141,µg/m³
Indirapuram,28.639660977211133,77.37340850902802,237,µg/m³
Indirapuram,28.638618898432192,77.37281872874259,246,µg/m³
Kavi Nagar,28.666131562381945,77.444698945786,334,µg/m³
Indirapuram,28.639727509641183,77.37545862141384,109,µg/m³
Indirapuram,28.63400135204163,77.3734160698958,81,µg/m³
Sanjay Nagar,28.686109470394946,77.45374236515296,163,µg/m³
Kavi Nagar,28.672739879408297,77.44176525989724,205,µg/m³
Sahibabad,28.665399240871952,77.34367609097477,301,µg/m³
Loni,28.7473163902386,77.29087375155288,328,µg/m³
Indirapuram,28.63826147655562,77.37084069978857,263,µg/m³
Sanjay Nagar,28.687057754001735,77.44816031651582,125,µg/m³
Sanjay Nagar,28.691405227890492,77.45297554283638,82,µg/m³
Vijay Nagar,28.64658620196566,77.43970268176548,192,µg/m³
Sahibabad,28.661435716637477,77.34409920256842,291,µg/m³
Sahibabad,28.665866779901414,77.34261443435682,227,µg/m³
Vijay Nagar,28.645590921938958,77.43621316030324,320,µg/m³
Sanjay Nagar,28.691075158764942,77.45283989511712,265,µg/m³
Vijay Nagar,28.647463506725824,77.43284248087183,88,µg/m³
Raj Nagar,28.674934714979173,77.44353199303943,134,µg/m³
Kavi Nagar,28.66757220209657,77.43565987995704,180,µg/m³
Raj Nagar,28.677525752192444,77.44177880318928,118,µg/m³
Vijay Nagar,28.64570822032827,77.4382602378448,254,µg/m³
Kavi Nagar,28.67170192417455,77.44325865524702,219,µg/m³
Indirapuram,28.638874072606672,77.36919404172386,83,µg/m³
Sahibabad,28.666752868837516,77.34613629179576,202,µg/m³
Raj Nagar,28.67784401788945,77.44635018742608,332,µg/m³
Indirapuram,28.63603345976338,77.37550991062889,199,µg/m³
Kavi Nagar,28.666097387316373,77.44103388847685,187,µg/m³
Indirapuram,28.641344318880012,77.37450025161904,214,µg/m³
Kavi Nagar,28.66764994120722,77.44506248775093,313,µg/m³
Vijay Nagar,28.641233623307883,77.43286049924647,64,µg/m³
Raj Nagar,28.681868256770517,77.44491814622995,201,µg/m³
Indirapuram,28.635526365830422,77.36917337879856,329,µg/m³
Kavi Nagar,28.669216740213816,77.44391000380274,318,µg/m³
Indirapuram,28.632960817733768,77.37620727756446,218,µg/m³
Loni,28.74725767365315,77.28532152158924,327,µg/m³
Raj Nagar,28.682159154241734,77.43858692576917,157,µg/m³
Raj Nagar,28.68261465011567,77.44244423527692,308,µg/m³
Indirapuram,28.63702053203318,77.37633591434447,268,µg/m³
Raj Nagar,28.67582418821578,77.44249762668592,281,µg/m³
Vasundhara,28.657548382959295,77.365346007411,179,µg/m³
Indirapuram,28.64127028219806,77.37722692421664,336,µg/m³
Sahibabad,28.661414769669005,77.34087412062311,95,µg/m³
Indirapuram,28.631917751519012,77.37757568946166,112,µg/m³
Raj Nagar,28.67706918608207,77.43881327022525,238,µg/m³
Vasundhara,28.659068489126277,77.36933387469902,138,µg/m³
Vasundhara,28.66515680606721,77.36394976419878,326,µg/m³
Kavi Nagar,28.67194918031129,77.43538806532734,316,µg/m³
Raj Nagar,28.674928788664403,77.44516730515386,320,µg/m³
Indirapuram,28.633519303304432,77.37125185902529,176,µg/m³
Vasundhara,28.662956625552784,77.36785794321113,143,µg/m³
Indirapuram,28.63525564640274,77.37183921069136,109,µg/m³
Indirapuram,28.63544110625923,77.37573301203336,271,µg/m³
Kavi Nagar,28.665353160975883,77.43617470772517,219,µg/m³
Indirapuram,28.638401304047765,77.37795497549504,267,µg/m³
Indirapuram,28.633747581015037,77.37505252284232,52,µg/m³
Sanjay Nagar,28.690231803325,77.44822164539697,121,µg/m³
Vasundhara,28.65830738130709,77.3715015249658,97,µg/m³
Vijay Nagar,28.63894639327279,77.44205256286689,171,µg/m³
Sahibabad,28.66850931498704,77.34226042875103,52,µg/m³
Indirapuram,28.634694844985987,77.37316174434946,159,µg/m³
Raj Nagar,28.678850525739474,77.43977643188829,100,µg/m³
Loni,28.748679901318845,77.28305613877774,125,µg/m³
Vasundhara,28.662446654446107,77.36992546745516,274,µg/m³
Sanjay Nagar,28.68488983253533,77.45330552774952,281,µg/m³
Raj Nagar,28.67839278688224,77.43971133317551,84,µg/m³
Raj Nagar,28.67733290410479,77.44422799936802,70,µg/m³
Vijay Nagar,28.64343779519784,77.43682848847202,75,µg/m³
Vijay Nagar,28.64631838029369,77.43917805013047,120,µg/m³
Kavi Nagar,28.666053586292875,77.4434582012942,153,µg/m³
Sahibabad,28.66219683387418,77.34792075708641,262,µg/m³
Sahibabad,28.666608888438127,77.3449391779398,82,µg/m³
Loni,28.75103815516988,77.2877115836936,322,µg/m³
Loni,28.75200286422673,77.29041117915379,157,µg/m³
Sanjay Nagar,28.68508804301145,77.45028815432498,237,µg/m³
Loni,28.748270927848466,77.29057662340634,265,µg/m³
Indirapuram,28.633027196940652,77.37411980482258,295,µg/m³
Sahibabad,28.663634639964858,77.34459771290572,321,µg/m³
Indirapuram,28.636291681776807,77.37371759694891,349,µg/m³
Raj Nagar,28.68002969798288,77.44355628579865,298,µg/m³
Sahibabad,28.664112184873332,77.34062254543412,61,µg/m³
Kavi Nagar,28.66538858850115,77.43572032965889,347,µg/m³
Vasundhara,28.658352319796567,77.36325098437361,126,µg/m³
Raj Nagar,28.6836460931774,77.44229456776833,237,µg/m³
Vijay Nagar,28.64645570501598,77.43688989636827,287,µg/m³
Kavi Nagar,28.667950824900625,77.43659744299907,229,µg/m³
Sahibabad,28.66893316632686,77.34805980888616,207,µg/m³
Vasundhara,28.657272336268143,77.36829122883866,71,µg/m³
Vijay Nagar,28.64723808356513,77.4365878734674,319,µg/m³
Vijay Nagar,28.64691871080284,77.43939409638023,263,µg/m³
Vijay Nagar,28.6424601625092,77.43495730521764,328,µg/m³
Kavi Nagar,28.667719512500277,77.44228194220632,151,µg/m³
Kavi Nagar,28.666260131973996,77.43617503734194,274,µg/m³
Kavi Nagar,28.671261721807593,77.43613179637065,242,µg/m³
Raj Nagar,28.681268393906052,77.438025027237,131,µg/m³
Raj Nagar,28.679936803150646,77.43897892230687,89,µg/m³
Vasundhara,28.65811207711492,77.36242801959497,222,µg/m³
Vasundhara,28.661789975481938,77.3694195430189,95,µg/m³
Sanjay Nagar,28.692864281228772,77.45102576409803,253,µg/m³
Sanjay Nagar,28.686049768094335,77.45576824900964,130,µg/m³
Sahibabad,28.66691824509353,77.348816128119,166,µg/m³
Sanjay Nagar,28.68448119405907,77.45307881228591,332,µg/m³
Indirapuram,28.64031627306731,77.3766610831493,82,µg/m³
Raj Nagar,28.680629103204325,77.44093226247847,169,µg/m³
Kavi Nagar,28.67045819329939,77.43677442091047,172,µg/m³
Vasundhara,28.655343935843906,77.3666362670777,253,µg/m³
Raj Nagar,28.680478206482032,77.44071395185962,104,µg/m³
Raj Nagar,28.674986210851173,77.43982277251692,90,µg/m³
Sahibabad,28.668886952545996,77.34917783909184,94,µg/m³
Sanjay Nagar,28.684955146749747,77.45170887345704,191,µg/m³
Sanjay Nagar,28.688024181392617,77.44751478134772,158,µg/m³
Indirapuram,28.6371162066242,77.37234603219088,249,µg/m³
Sahibabad,28.666455675267308,77.34954418076218,197,µg/m³
Indirapuram,28.634115459099117,77.37783351455425,83,µg/m³
Vasundhara,28.6626711647883,77.36499495045531,132,µg/m³
Indirapuram,28.63325124521521,77.37655639284561,65,µg/m³
Vijay Nagar,28.64808803243592,77.43378820423308,158,µg/m³
Indirapuram,28.64153846094155,77.37528793265156,340,µg/m³
Indirapuram,28.637110629505212,77.37062659139076,144,µg/m³
Indirapuram,28.632969635503123,77.3711490973628,243,µg/m³
Sanjay Nagar,28.68501567693376,77.45048120337744,175,µg/m³
Sahibabad,28.668660047047045,77.34633572291746,119,µg/m³
Sahibabad,28.665950741609503,77.34845380348158,322,µg/m³
Vijay Nagar,28.640128435934677,77.43310387540429,200,µg/m³
Vasundhara,28.66483396207799,77.36346833614071,147,µg/m³
Indirapuram,28.632647815407772,77.3726015887262,202,µg/m³
Vijay Nagar,28.643190237129783,77.44080975328458,183,µg/m³
Sanjay Nagar,28.691632819735055,77.45258233546113,169,µg/m³
Indirapuram,28.638471702530616,77.37682182628953,85,µg/m³
Loni,28.74841687340764,77.28718205824332,86,µg/m³
Vijay Nagar,28.642423519236626,77.44031290071102,194,µg/m³
Loni,28.751353187503803,77.29103202680245,275,µg/m³
Vijay Nagar,28.63966014369192,77.43824513963386,329,µg/m³
Sanjay Nagar,28.688315020703456,77.45628771357308,223,µg/m³
Kavi Nagar,28.66957659396925,77.44228270743835,91,µg/m³
Loni,28.75557666107087,77.28922718740714,163,µg/m³
Kavi Nagar,28.666240594312477,77.44231374415807,267,µg/m³
Sahibabad,28.66470315800393,77.34962641429412,154,µg/m³
Vijay Nagar,28.63958259397376,77.43808961586005,193,µg/m³
Sanjay Nagar,28.687093007734404,77.44930759127267,281,µg/m³
Vijay Nagar,28.646346589293717,77.43584887931347,159,µg/m³
Raj Nagar,28.680211286547408,77.442145567929,188,µg/m³
Sanjay Nagar,28.685954569615003,77.45019081627983,293,µg/m³
Sahibabad,28.666800412619505,77.34184475528828,154,µg/m³
Loni,28.754335889334307,77.28228113149302,74,µg/m³
Vasundhara,28.664941371282865,77.36296605375223,144,µg/m³
Vijay Nagar,28.639333116143415,77.43554039638411,144,µg/m³
Sanjay Nagar,28.68624902919261,77.45533293328226,270,µg/m³
Sahibabad,28.661253501128872,77.34736219681713,54,µg/m³
Kavi Nagar,28.669669290180444,77.44070272961423,159,µg/m³
Loni,28.748149332644132,77.2888982124558,159,µg/m³
Sahibabad,28.666490695346656,77.34799818190916,303,µg/m³
Vasundhara,28.657966532247613,77.36999614006135,80,µg/m³
Vasundhara,28.66183946371957,77.36507777347354,120,µg/m³
Indirapuram,28.633903591298893,77.37093097697584,246,µg/m³
Loni,28.7477934747764,77.28312910728286,110,µg/m³
Vijay Nagar,28.642690436883605,77.43454909348577,68,µg/m³
Raj Nagar,28.68171250029196,77.4451917832202,186,µg/m³
Sahibabad,28.664699432864456,77.3488991159069,295,µg/m³
Loni,28.747326876597587,77.28381044960624,212,µg/m³
Sanjay Nagar,28.686821388811655,77.45694729683295,222,µg/m³
Loni,28.74916439321746,77.28641118705498,53,µg/m³
Vasundhara,28.66503075924992,77.3672247449964,220,µg/m³
Indirapuram,28.639445389806347,77.36835322459005,99,µg/m³
Indirapuram,28.641669904801,77.37386602154218,197,µg/m³
Sanjay Nagar,28.693196813042483,77.44740446381617,113,µg/m³
Vasundhara,28.664323220147153,77.37102506388707,282,µg/m³
Vasundhara,28.656852430665143,77.37066098950427,130,µg/m³
Sanjay Nagar,28.687709605689705,77.45304518424979,265,µg/m³
Vasundhara,28.660482447222144,77.36648494385443,320,µg/m³
Sanjay Nagar,28.690791797694985,77.4478318207319,150,µg/m³
Loni,28.756508939924643,77.28891002619658,77,µg/m³
Raj Nagar,28.674611383800197,77.44396364576936,100,µg/m³
Sanjay Nagar,28.690902471051313,77.4566321903804,321,µg/m³
Vijay Nagar,28.63931304831332,77.43366503465973,73,µg/m³
Loni,28.747539246538743,77.29073134490774,291,µg/m³
Sanjay Nagar,28.690337373109518,77.44839939438583,310,µg/m³
Raj Nagar,28.68136304831822,77.44286537567521,201,µg/m³
Vijay Nagar,28.643558128477274,77.43965376939447,287,µg/m³
Vijay Nagar,28.64200170650859,77.44097096826177,349,µg/m³
Vijay Nagar,28.64248186654555,77.4374040965429,335,µg/m³
Kavi Nagar,28.667682324183236,77.44150489040169,276,µg/m³
Sanjay Nagar,28.6899268596882,77.44751731511833,110,µg/m³
Sanjay Nagar,28.685069262688778,77.45012566696371,147,µg/m³
Vasundhara,28.66139147141699,77.36772176174499,313,µg/m³
Vasundhara,28.662622148427406,77.36889979585794,271,µg/m³
Indirapuram,28.638221651645512,77.37696239392855,319,µg/m³
Raj Nagar,28.675539865251064,77.44742237928678,250,µg/m³
Sanjay Nagar,28.69114259778934,77.45399996554686,113,µg/m³
Kavi Nagar,28.670280613367854,77.43897204840654,259,µg/m³
Sanjay Nagar,28.687668424983478,77.45536126665603,151,µg/m³
Raj Nagar,28.679876397961262,77.43991385117322,238,µg/m³
Loni,28.751305448558192,77.28258065052897,188,µg/m³
Vasundhara,28.66045215063703,77.36420837282857,209,µg/m³
Vijay Nagar,28.64356524267217,77.4408538018002,54,µg/m³
Vijay Nagar,28.646146956900335,77.43659780780848,189,µg/m³
Vasundhara,28.665016417045585,77.37064087056277,152,µg/m³
Loni,28.755492602651696,77.2864079687996,208,µg/m³
Kavi Nagar,28.673647215980985,77.44405311114,346,µg/m³
Kavi Nagar,28.67163212162146,77.44519672833239,84,µg/m³
Raj Nagar,28.677015999772323,77.44256839816762,219,µg/m³
Sanjay Nagar,28.684425436533637,77.45180090964995,314,µg/m³
Sanjay Nagar,28.689413439263546,77.44765589941231,163,µg/m³
Sanjay Nagar,28.69091128961889,77.45084201703024,67,µg/m³
Sanjay Nagar,28.684295790640768,77.45557762186355,274,µg/m³
Sahibabad,28.669976722531793,77.34072508691364,330,µg/m³
Vasundhara,28.660326376132836,77.36997933883356,136,µg/m³
Loni,28.747699900858464,77.2883069779639,283,µg/m³
Vasundhara,28.66294733392826,77.36245377333053,227,µg/m³
Kavi Nagar,28.666385395137556,77.43616762565772,253,µg/m³
Vijay Nagar,28.640739662277923,77.44071634847376,121,µg/m³
Sanjay Nagar,28.68534681249302,77.45081339213252,62,µg/m³
Sanjay Nagar,28.685666161587026,77.45194603738872,183,µg/m³
Indirapuram,28.63270774965867,77.37530626040038,296,µg/m³
Kavi Nagar,28.6711875550616,77.44339087431725,93,µg/m³
Vijay Nagar,28.645205632132573,77.43919876061008,318,µg/m³
Vasundhara,28.655543024149694,77.36488867790436,346,µg/m³
Sanjay Nagar,28.68549701513912,77.45643858959943,295,µg/m³
Raj Nagar,28.68327886802822,77.44474788243537,255,µg/m³
Vijay Nagar,28.639524701232997,77.43946382893459,284,µg/m³
Vijay Nagar,28.646417593385582,77.43398168162177,153,µg/m³
Vijay Nagar,28.644724982397673,77.43586129381019,97,µg/m³
Loni,28.755479712834887,77.2822327225663,144,µg/m³
Vijay Nagar,28.64030946012453,77.43883173795298,92,µg/m³
Vijay Nagar,28.63936665062853,77.43874245280543,228,µg/m³
Raj Nagar,28.68101385288312,77.43867883820062,290,µg/m³
Sanjay Nagar,28.68613320484982,77.44893857908046,166,µg/m³
Kavi Nagar,28.668507765551006,77.44273360537024,139,µg/m³
Raj Nagar,28.683625809271472,77.44297984196923,258,µg/m³
Kavi Nagar,28.669658322060442,77.43875632365574,230,µg/m³
Sanjay Nagar,28.69261841245468,77.45647672439708,310,µg/m³
Sahibabad,28.662609824603575,77.34606680102992,282,µg/m³
Sahibabad,28.66411838275327,77.34778548913269,282,µg/m³
Raj Nagar,28.679291422165765,77.44163591660566,118,µg/m³
Loni,28.755738387422063,77.28385637686557,140,µg/m³
Kavi Nagar,28.67251968621567,77.43773995625398,333,µg/m³
Vijay Nagar,28.644362474698134,77.43305920698731,50,µg/m³
Sanjay Nagar,28.68707636000324,77.44718989314995,224,µg/m³
Loni,28.751326409510973,77.2837994104825,55,µg/m³
Sanjay Nagar,28.690390585258204,77.45080952059318,148,µg/m³
Sanjay Nagar,28.69091710676318,77.44816173179363,84,µg/m³
Kavi Nagar,28.673967843327404,77.44255624064806,235,µg/m³
Sahibabad,28.66309283427255,77.34746594490146,245,µg/m³
Sahibabad,28.661035543269197,77.34170007353187,90,µg/m³
Kavi Nagar,28.666591228450738,77.44144004366409,167,µg/m³
Vasundhara,28.66265771229905,77.36518792102544,255,µg/m³
Indirapuram,28.63618089218134,77.37483885768955,275,µg/m³
Vijay Nagar,28.64170664572866,77.43630899942892,180,µg/m³
Sanjay Nagar,28.684529794447634,77.45191576572324,287,µg/m³
Raj Nagar,28.68241581633072,77.44113025630188,137,µg/m³
Loni,28.751192767372753,77.2861588538353,56,µg/m³
Vasundhara,28.655512002390633,77.3653368206713,172,µg/m³
Sanjay Nagar,28.690989069558995,77.45200460253359,330,µg/m³
Loni,28.7547767307861,77.28275433907257,144,µg/m³
Kavi Nagar,28.67294686950302,77.44400213695408,212,µg/m³
Sahibabad,28.66737864922408,77.34306488364675,212,µg/m³
Vijay Nagar,28.638233543022654,77.43398337083194,108,µg/m³
Sahibabad,28.665723241741997,77.34180236356191,155,µg/m³
Sanjay Nagar,28.69181782301562,77.44765354259846,210,µg/m³
Vasundhara,28.660337124020725,77.36617212366922,172,µg/m³
Vasundhara,28.656193991443644,77.37027776596057,274,µg/m³
Sahibabad,28.661212370383414,77.34478268755593,121,µg/m³
Loni,28.74805350540091,77.2909238527515,348,µg/m³
Vasundhara,28.656416217415273,77.37129930113457,225,µg/m³
Indirapuram,28.636980063613745,77.37046372783949,94,µg/m³
Indirapuram,28.63701415788869,77.37555760642711,86,µg/m³
Loni,28.751160483712148,77.29100888897268,73,µg/m³
Sahibabad,28.666516601148853,77.34600754770034,162,µg/m³
Sanjay Nagar,28.684003580501994,77.45150816441509,238,µg/m³
Sahibabad,28.661461528909857,77.34074468797849,125,µg/m³
Vijay Nagar,28.64549907306562,77.44057019727795,280,µg/m³
Raj Nagar,28.683503434632204,77.44337955479419,211,µg/m³
Sanjay Nagar,28.68973928291585,77.45201665441806,125,µg/m³
Sahibabad,28.662383684386725,77.34202974095905,249,µg/m³
Indirapuram,28.63889593662886,77.36869486123248,53,µg/m³
Sahibabad,28.669506742505835,77.34496018088207,221,µg/m³
Sahibabad,28.66727107522891,77.34352053054445,269,µg/m³
Kavi Nagar,28.674659060080547,77.44360652849495,232,µg/m³
Kavi Nagar,28.665966262670878,77.43869842627802,282,µg/m³
Sahibabad,28.663729882927797,77.34362858306481,223,µg/m³
Vasundhara,28.659548684113293,77.37217175103792,274,µg/m³
Vijay Nagar,28.64091305318945,77.43456405255684,207,µg/m³
Sahibabad,28.668948562824657,77.3498573338674,139,µg/m³
Indirapuram,28.64103136959269,77.37689003943687,52,µg/m³
Indirapuram,28.639248584233076,77.37224114049637,125,µg/m³
Sahibabad,28.666304283740992,77.34188133012896,170,µg/m³
Sahibabad,28.664190055990794,77.34517516580894,308,µg/m³
Indirapuram,28.633273668704966,77.375803667892,87,µg/m³
Indirapuram,28.63920053468863,77.37519934537976,151,µg/m³
Sahibabad,28.66685813403277,77.34236658304258,326,µg/m³
Loni,28.746737543197444,77.28430403221442,109,µg/m³
Vasundhara,28.664087684047526,77.36363696982752,128,µg/m³
Sahibabad,28.66835515366934,77.34223770929341,348,µg/m³
Sahibabad,28.66889102615113,77.35051602053147,245,µg/m³
Loni,28.752460083657226,77.28464331996614,224,µg/m³
Vijay Nagar,28.64678500061588,77.43853269689862,57,µg/m³
Sanjay Nagar,28.69159772054572,77.45322757538042,235,µg/m³
Loni,28.75589505358824,77.28823732403144,277,µg/m³
Raj Nagar,28.68045487020133,77.4412077797916,72,µg/m³
Loni,28.74782011525831,77.29127249375816,247,µg/m³
Sanjay Nagar,28.68946796536337,77.45598342821421,189,µg/m³
Sahibabad,28.668964012899803,77.35034986669424,307,µg/m³
Kavi Nagar,28.67370935538472,77.4415084165308,237,µg/m³
Loni,28.755385581198667,77.28967879435528,221,µg/m³
Raj Nagar,28.677880820656657,77.44383821196264,191,µg/m³
Raj Nagar,28.67816785050342,77.44194411550198,211,µg/m³
Sahibabad,28.665316844760387,77.34284269234334,265,µg/m³
Indirapuram,28.637079447516395,77.37210998983443,187,µg/m³
Vijay Nagar,28.64524386420427,77.44049706004674,314,µg/m³
Sanjay Nagar,28.687219120903812,77.45626980186243,207,µg/m³
Sanjay Nagar,28.68640289591656,77.45392382960185,249,µg/m³
Vijay Nagar,28.639038828232522,77.43781058683051,77,µg/m³
Sanjay Nagar,28.688013093342402,77.45578381948043,204,µg/m³
Sahibabad,28.6639998243241,77.34113885406603,254,µg/m³
Sanjay Nagar,28.691728688117568,77.4561092277643,215,µg/m³
Vasundhara,28.656641270091708,77.37043030188717,213,µg/m³
Vasundhara,28.664751390685545,77.36608298854972,162,µg/m³
Indirapuram,28.64136368563174,77.37235107186407,194,µg/m³
Vasundhara,28.655217071105724,77.36621516292251,93,µg/m³
Sanjay Nagar,28.68423707905837,77.44797898377352,170,µg/m³
Kavi Nagar,28.669700356986443,77.43999113618955,237,µg/m³
Vasundhara,28.664828759738985,77.36718764587829,300,µg/m³
Vijay Nagar,28.643348100285127,77.43876280552995,185,µg/m³
Sanjay Nagar,28.692112857640936,77.44882670015305,79,µg/m³
Indirapuram,28.640785358375666,77.37177647542867,103,µg/m³
Raj Nagar,28.683279808399107,77.44150836777756,238,µg/m³
Indirapuram,28.63717427940241,77.37563863928716,311,µg/m³
Indirapuram,28.641228619263966,77.37306658688289,302,µg/m³
Vasundhara,28.664974228756122,77.3715997091847,221,µg/m³
Sahibabad,28.665854263656144,77.34370725258294,115,µg/m³
Sanjay Nagar,28.692056191530963,77.45545083847443,194,µg/m³
Loni,28.752819837543182,77.28224520604223,166,µg/m³
Raj Nagar,28.678208032023534,77.443872190239,308,µg/m³
Sahibabad,28.669584608873976,77.34163355395519,324,µg/m³
Kavi Nagar,28.671572887893742,77.44484809005436,152,µg/m³
Vasundhara,28.659013967211596,77.3638175971393,236,µg/m³
Kavi Nagar,28.665768982110556,77.43707199921607,336,µg/m³
Kavi Nagar,28.673149263670737,77.43758744332635,84,µg/m³
Raj Nagar,28.67911407478519,77.4400693893223,196,µg/m³
Raj Nagar,28.6788510113004,77.44366808261647,190,µg/m³
Vijay Nagar,28.64133828105408,77.44057260862903,285,µg/m³
Raj Nagar,28.67435227788068,77.43794069507945,264,µg/m³
Sahibabad,28.66505412594007,77.34274931411032,175,µg/m³
Raj Nagar,28.676844148669367,77.44597518007811,309,µg/m³
Raj Nagar,28.682453852420547,77.44179937467834,226,µg/m³
Sanjay Nagar,28.69094434193547,77.45622542670057,97,µg/m³
Loni,28.7557464272296,77.29063931772087,236,µg/m³
Sahibabad,28.666712200483374,77.34552707135464,71,µg/m³
Indirapuram,28.637504421581944,77.37130769230414,345,µg/m³
Raj Nagar,28.675967817121418,77.44290293286727,51,µg/m³
Loni,28.74782459941703,77.28284529088577,336,µg/m³
Kavi Nagar,28.670626897485818,77.44363252283698,315,µg/m³
Sahibabad,28.6651405290411,77.34345854645966,163,µg/m³
Loni,28.748941072807323,77.28738189652444,276,µg/m³
Sanjay Nagar,28.684764763871275,77.44926818231193,78,µg/m³
Kavi Nagar,28.670329970362136,77.44055109698841,347,µg/m³
Vijay Nagar,28.63943592443899,77.43917629834088,191,µg/m³
Sanjay Nagar,28.691185546859042,77.4506202532126,54,µg/m³
Kavi Nagar,28.673553004899656,77.43879014940647,222,µg/m³
Loni,28.75386618495583,77.29195968779787,310,µg/m³
Sanjay Nagar,28.687520478722792,77.44962477926286,241,µg/m³
Raj Nagar,28.67762257296137,77.44202437294418,140,µg/m³
Vasundhara,28.660881588560184,77.37148232135327,243,µg/m³
Raj Nagar,28.681699957224396,77.44298195947324,220,µg/m³
Vasundhara,28.665195441655666,77.37065263154577,274,µg/m³
Sanjay Nagar,28.687028733391518,77.4503595649461,54,µg/m³
Loni,28.750672339232604,77.2841259226487,312,µg/m³
Indirapuram,28.641399360235688,77.36876940179485,169,µg/m³
Kavi Nagar,28.669615388911037,77.44473117143336,209,µg/m³
Sanjay Nagar,28.685675039661863,77.45310442234135,257,µg/m³
Indirapuram,28.63955243261118,77.37765033158807,228,µg/m³
Sahibabad,28.666123537989865,77.34119733341214,74,µg/m³
Kavi Nagar,28.67160158131976,77.43787364785668,161,µg/m³
Vasundhara,28.65946263752302,77.37122559495864,96,µg/m³
Kavi Nagar,28.664903964342653,77.44024842208735,274,µg/m³
Sahibabad,28.66760072863056,77.3462229853545,263,µg/m³
Sanjay Nagar,28.69000762124598,77.45015403039743,310,µg/m³
Loni,28.754820923569632,77.28742212962894,138,µg/m³
Kavi Nagar,28.67146092141918,77.44079490238718,109,µg/m³
Sanjay Nagar,28.692636693358953,77.4554624918164,139,µg/m³
Sahibabad,28.66204823467694,77.34399523729816,149,µg/m³
Sanjay Nagar,28.69007070551389,77.44861939373538,66,µg/m³
Vasundhara,28.656068148760554,77.36996368037721,254,µg/m³
Sanjay Nagar,28.68567634994312,77.45465414986607,276,µg/m³
Loni,28.747154269893773,77.28725977130847,193,µg/m³
Kavi Nagar,28.67305924161515,77.44324295893091,322,µg/m³
Raj Nagar,28.681043755090442,77.44382993834188,212,µg/m³
Sanjay Nagar,28.684372637339038,77.45161980241357,208,µg/m³
Loni,28.751381857589852,77.28868586287045,242,µg/m³
Kavi Nagar,28.66742084126009,77.44116567470076,127,µg/m³
Sanjay Nagar,28.690711964718616,77.44966315888037,153,µg/m³
Indirapuram,28.641129164152957,77.37800348553657,224,µg/m³
Raj Nagar,28.675338493479014,77.44155399966722,170,µg/m³
Vijay Nagar,28.643351806551124,77.43743272956759,62,µg/m³
Sahibabad,28.665906528219505,77.34724712411293,326,µg/m³
Loni,28.748320996481205,77.28554888612348,207,µg/m³
Vijay Nagar,28.6392757267327,77.43517025970321,222,µg/m³
Raj Nagar,28.678198454915087,77.44210350235808,196,µg/m³
Kavi Nagar,28.668038218910596,77.44225909221763,207,µg/m³
Sahibabad,28.662941218419014,77.34942100875068,219,µg/m³
Raj Nagar,28.683851451480876,77.44455493182575,117,µg/m³
Vijay Nagar,28.64656936019861,77.4360835882611,137,µg/m³
Vijay Nagar,28.644851746195933,77.44209122427637,153,µg/m³
Kavi Nagar,28.669772783967282,77.44301334497689,138,µg/m³
Vasundhara,28.662791158463136,77.37076159107538,216,µg/m³
Sanjay Nagar,28.687818908113403,77.44977017805427,177,µg/m³
Loni,28.756034141877493,77.2877707370493,314,µg/m³
Loni,28.746705423214745,77.2890844656238,278,µg/m³
Loni,28.747650487699328,77.28338400207546,93,µg/m³
Vasundhara,28.662063285064196,77.36945173642982,93,µg/m³
Sanjay Nagar,28.686162598225284,77.45122572722292,114,µg/m³
Vasundhara,28.663928320284267,77.36954604095271,107,µg/m³
Vijay Nagar,28.647806404830508,77.43697065630488,67,µg/m³
Vijay Nagar,28.64529959440362,77.44191652283612,191,µg/m³
Loni,28.751384355415986,77.28246031869323,274,µg/m³
Vijay Nagar,28.63818647388028,77.4331381871343,122,µg/m³
Vijay Nagar,28.63970620683208,77.43296516169836,338,µg/m³
Vasundhara,28.65819526863764,77.37111528107981,102,µg/m³
Vasundhara,28.658892664915168,77.3626584591348,150,µg/m³
Vijay Nagar,28.6406572294927,77.43512836041491,257,µg/m³
Sahibabad,28.667874316120713,77.34956747617873,154,µg/m³
Indirapuram,28.631982140730972,77.37034864554205,155,µg/m³
Vasundhara,28.657925151425445,77.36460519225375,221,µg/m³
Loni,28.75148797204446,77.28609072384639,115,µg/m³
Sahibabad,28.67046817461626,77.34185226702463,121,µg/m³
Kavi Nagar,28.673091418208006,77.44049153120288,140,µg/m³
Indirapuram,28.635158155911586,77.37592078883662,118,µg/m³
Loni,28.747250280169027,77.2872580464885,344,µg/m³
Vasundhara,28.6559452947708,77.37159366060106,110,µg/m³
Loni,28.75388217031875,77.28834585631571,151,µg/m³
Sanjay Nagar,28.690136926983538,77.44779204476534,267,µg/m³
Vijay Nagar,28.641611522218586,77.4359418176995,114,µg/m³
Sanjay Nagar,28.693578678743993,77.45092456862365,163,µg/m³
Sanjay Nagar,28.691206876243307,77.44828655663402,347,µg/m³
Sanjay Nagar,28.68384537848712,77.44792616614936,343,µg/m³
Loni,28.750096568396454,77.28561723660859,52,µg/m³
Vasundhara,28.66352166654772,77.36658756473884,238,µg/m³
Loni,28.74949137763084,77.28424650143646,106,µg/m³
Kavi Nagar,28.673713459754165,77.43605743274317,251,µg/m³
Raj Nagar,28.677616604807934,77.44478630264393,169,µg/m³
Indirapuram,28.64097448298191,77.37045661470039,72,µg/m³
Vasundhara,28.663909869563422,77.37212744801889,326,µg/m³
Sanjay Nagar,28.686172904811883,77.44728329796975,346,µg/m³
Indirapuram,28.64009057286893,77.37012475159834,102,µg/m³
Sahibabad,28.662464777636814,77.34959811337498,158,µg/m³
Sanjay Nagar,28.683937266601767,77.44859413207189,187,µg/m³
Vijay Nagar,28.64540391628837,77.43458005620504,51,µg/m³
Sanjay Nagar,28.691901365046544,77.44738731706,112,µg/m³
Sanjay Nagar,28.688656736177762,77.4553731795965,256,µg/m³
Indirapuram,28.6362455701338,77.375957429609,89,µg/m³
Indirapuram,28.63209065984801,77.37384276299802,343,µg/m³
Vijay Nagar,28.642635700791217,77.43884698356199,219,µg/m³
Loni,28.74848003032744,77.2871480089222,63,µg/m³
Kavi Nagar,28.665789264607355,77.43533095873578,173,µg/m³
Kavi Nagar,28.670563991416262,77.44297803120409,215,µg/m³
Raj Nagar,28.67982133589221,77.43881014961134,253,µg/m³
Raj Nagar,28.6752989654786,77.44321365687028,277,µg/m³
Sahibabad,28.66665461465675,77.34620203746715,224,µg/m³
Indirapuram,28.63600908833788,77.37443003945498,197,µg/m³
Loni,28.7524660538017,77.2906757870121,167,µg/m³
Indirapuram,28.637387114197935,77.37646698497088,134,µg/m³
Loni,28.74890731528461,77.2908463860598,237,µg/m³
Sahibabad,28.666218299849973,77.34226489516655,109,µg/m³
Loni,28.75399352729767,77.28364990946453,118,µg/m³
Sahibabad,28.66809750215012,77.34403274754374,138,µg/m³
Vasundhara,28.655878387208293,77.36966827286729,130,µg/m³
Indirapuram,28.63884115668923,77.37077825727923,270,µg/m³
Sanjay Nagar,28.68904234508164,77.44927021901074,54,µg/m³
Indirapuram,28.63612389973196,77.36842685519514,115,µg/m³
Kavi Nagar,28.66537129558396,77.44032662735698,320,µg/m³
Raj Nagar,28.68063972564942,77.43809227052871,174,µg/m³
Loni,28.747153409020843,77.29112329914366,97,µg/m³
Vasundhara,28.662150495271167,77.37022386651867,294,µg/m³
Loni,28.747608061897825,77.28529320777278,195,µg/m³
Sanjay Nagar,28.691520541241104,77.44965326804396,266,µg/m³
Loni,28.750617970865385,77.28847438340088,86,µg/m³
Vasundhara,28.665109953166716,77.37130381382926,170,µg/m³
Kavi Nagar,28.66745710026574,77.43967886787775,304,µg/m³
Loni,28.750624809501954,77.28633926634197,211,µg/m³
Indirapuram,28.637044532163053,77.37615654197921,198,µg/m³
Vasundhara,28.655926024805925,77.37131060590889,183,µg/m³
Vasundhara,28.658946865074203,77.37109808722029,150,µg/m³
Sanjay Nagar,28.692689632735362,77.45300374084597,158,µg/m³
